<Bill>
  <FileInformation>
    <Type>DOC</Type>
    <Version>15</Version>
    <ExportDate>2025-02-08T18:49:13Z</ExportDate>
    <Cancellation>No</Cancellation>
    <Seller>
      <Identification>3</Identification>
      <Description>CAVALIERI CASERTA 22026</Description>
      <ProfileName>12 Cavalieri Srl</ProfileName>
      <VATCode>03849900612</VATCode>
      <CompanyRegNumber>03849900612</CompanyRegNumber>
      <Address>Piazza Luigi Vanvitelli, 12</Address>
      <City>Caserta</City>
      <Zip>81100</Zip>
      <County>CE</County>
      <Country>Italia</Country>
      <Telephone>0823355520</Telephone>
      <Email>caserta@hoteldeicavalieri.com</Email>
      <Fax></Fax>
    </Seller>
  </FileInformation>
  <Head>
    <Terminal>
      <Identification>111</Identification>
      <Description>Front-Office 1 (SX)</Description>
      <ExternalCode1></ExternalCode1>
      <ExternalCode2></ExternalCode2>
    </Terminal>
    <Operator>
      <Identification>22</Identification>
      <Description>Antonio.Serao</Description>
    </Operator>
    <IdentificationTerminal>111</IdentificationTerminal>
    <Identification>804554</Identification>
    <Date>2025-02-08T18:49:10Z</Date>
    <ManagementDate>2025-02-08T00:00:00Z</ManagementDate>
    <Number>243\CE</Number>
    <ExternalCode1></ExternalCode1>
    <ExternalCode2></ExternalCode2>
    <ExternalCode3></ExternalCode3>
    <ExternalCode4></ExternalCode4>
    <ExternalCode5></ExternalCode5>
    <ExternalCode6></ExternalCode6>
    <ExternalCode7></ExternalCode7>
    <ExternalCode8></ExternalCode8>
    <NotCollectTax>N</NotCollectTax>
    <CurrencyIsoCode>EUR</CurrencyIsoCode>
    <BillingMethod>
      <Identification>63</Identification>
      <Code>FE CE</Code>
      <Description>Fattura CE</Description>
      <Features>
        <Feature>1</Feature>
      </Features>
    </BillingMethod>
    <AccountReceivable>
      <Identification>170</Identification>
      <Code>FE CE</Code>
      <Description>Fattura CE</Description>
      <ExternalCode></ExternalCode>
      <ExternalCode2></ExternalCode2>
      <CalculationType>0</CalculationType>
    </AccountReceivable>
    <Customer>
      <Identification>11153</Identification>
      <ExternalCode></ExternalCode>
      <ExternalCode2></ExternalCode2>
      <ProfileName>Rb Consulting</ProfileName>
      <Surname>Rb Consulting</Surname>
      <FirstName></FirstName>
      <VATCode>17044041006</VATCode>
      <RecipientCode>KRRH6B9</RecipientCode>
      <CertifiedMail></CertifiedMail>
      <CompanyRegNumber></CompanyRegNumber>
      <Address>Via Crescenzio 25</Address>
      <City>
        <Identification>93857</Identification>
        <Description>ROMA</Description>
        <Zip>00119</Zip>
        <ExternalCode1>412058091</ExternalCode1>
        <ExternalCode2></ExternalCode2>
        <ExternalCode3>H501</ExternalCode3>
      </City>
      <County>
        <Identification>183</Identification>
        <Code>RM</Code>
        <Description>Roma</Description>
        <ExternalCode1></ExternalCode1>
        <ExternalCode2>058</ExternalCode2>
        <ExternalCode3></ExternalCode3>
      </County>
      <State>
        <Identification>38</Identification>
        <Code>LA</Code>
        <Description>Lazio</Description>
        <ExternalCode1></ExternalCode1>
        <ExternalCode2>912</ExternalCode2>
        <ExternalCode3></ExternalCode3>
      </State>
      <Country>
        <Identification>3780</Identification>
        <Code>IT</Code>
        <Description>Italia</Description>
        <ExternalCode1>100000100</ExternalCode1>
        <ExternalCode2></ExternalCode2>
        <ExternalCode3></ExternalCode3>
        <GroupCountry>
          <Identification>0</Identification>
          <Code></Code>
          <Description></Description>
          <ExternalCode1></ExternalCode1>
          <ExternalCode2></ExternalCode2>
          <ExternalCode3></ExternalCode3>
        </GroupCountry>
      </Country>
      <ProtocolIntent></ProtocolIntent>
      <IntentDate></IntentDate>
      <IDDocument>
        <Identification>0</Identification>
        <Code></Code>
        <ExternalCode></ExternalCode>
        <Description></Description>
        <Number></Number>
        <Date>1899-12-31</Date>
      </IDDocument>
    </Customer>
    <CreditNote>No</CreditNote>
    <DisplayOptions>
      <Option>NumeroPersone</Option>
      <Option>PrezzoGiornaliero</Option>
      <Option>Retta</Option>
      <Option>Note</Option>
      <Option>Risorsa</Option>
      <Option>CastellettoTasse</Option>
      <Option>Voucher</Option>
      <Option>DataMovimentoCassa</Option>
      <Option>PeriodoSoggiorno</Option>
      <Option>NoteDocumento</Option>
      <Option>DettagliCompletiSospesoScheda</Option>
      <Option>PrezzoGiornalieroRisorsa</Option>
      <Option>MostraScontoRetta</Option>
      <Option>NoteMovimentoCassa</Option>
      <Option>Prenotato</Option>
    </DisplayOptions>
    <Notes></Notes>
    <OriginalDocumentData>
      <Identification></Identification>
      <Date></Date>
      <ManagementDate></ManagementDate>
      <Number></Number>
    </OriginalDocumentData>
  </Head>
  <Charges>
    <Charge>
      <Identification>6008754</Identification>
      <Date>2025-02-08T00:00:00Z</Date>
      <ManagementDate>2025-02-08T00:00:00Z</ManagementDate>
      <Workstation>
        <Identification>111</Identification>
        <Code>FO1HCC</Code>
        <Name>Front-Office 1 (SX)</Name>
        <ExternalCode1></ExternalCode1>
        <ExternalCode2></ExternalCode2>
      </Workstation>
      <Description>Colazione</Description>
      <MeasureUnit>
        <Id>0</Id>
        <Code></Code>
        <Description></Description>
        <ExternalCode></ExternalCode>
      </MeasureUnit>
      <ExcludeFromTheBill>No</ExcludeFromTheBill>
      <SplittedBillCharge>No</SplittedBillCharge>
      <SummarizedDocument>No</SummarizedDocument>
      <SummarizedDocumentData>
        <Identification>0</Identification>
        <Date></Date>
        <ManagementDate></ManagementDate>
        <Number>0</Number>
      </SummarizedDocumentData>
      <SummarizedDocumentBillingMethod>
        <Identification>0</Identification>
        <Code></Code>
        <Description></Description>
      </SummarizedDocumentBillingMethod>
      <SummarizedDocumentAccountReceivable>
        <Identification>0</Identification>
        <Code></Code>
        <Description></Description>
        <ExternalCode></ExternalCode>
        <ExternalCode2></ExternalCode2>
        <CalculationType></CalculationType>
      </SummarizedDocumentAccountReceivable>
      <OriginalDocumentData>
        <ChargeIdentification>0</ChargeIdentification>
        <Identification>0</Identification>
        <Date></Date>
        <ManagementDate></ManagementDate>
        <Number>0</Number>
      </OriginalDocumentData>
      <OriginalDocumentBillingMethod>
        <Identification>0</Identification>
        <Code></Code>
        <Description></Description>
      </OriginalDocumentBillingMethod>
      <OriginalDocumentAccountReceivable>
        <Identification>0</Identification>
        <Code></Code>
        <Description></Description>
        <ExternalCode></ExternalCode>
        <ExternalCode2></ExternalCode2>
        <CalculationType></CalculationType>
      </OriginalDocumentAccountReceivable>
      <UsedDownpaymentDocument>No</UsedDownpaymentDocument>
      <UsedDownpaymentDocumentData>
        <Identification>0</Identification>
        <Date></Date>
        <ManagementDate></ManagementDate>
        <Number>0</Number>
      </UsedDownpaymentDocumentData>
      <UsedDownpaymentDocumentBillingMethod>
        <Identification>0</Identification>
        <Code></Code>
        <Description></Description>
      </UsedDownpaymentDocumentBillingMethod>
      <UsedDownpaymentDocumentAccountReceivable>
        <Identification>0</Identification>
        <Code></Code>
        <Description></Description>
        <ExternalCode></ExternalCode>
        <ExternalCode2></ExternalCode2>
        <CalculationType></CalculationType>
      </UsedDownpaymentDocumentAccountReceivable>
      <Value>
        <Identification>18</Identification>
        <Code>EUR</Code>
        <Description>Euro</Description>
        <IsoCode>EUR</IsoCode>
        <Change>1.0000000000</Change>
      </Value>
      <Currency>
        <Identification>18</Identification>
        <Code>EUR</Code>
        <Description>Euro</Description>
        <IsoCode>EUR</IsoCode>
        <Change>1.0000000000</Change>
        <AmountCompanyCurrency>20.00</AmountCompanyCurrency>
      </Currency>
      <ReservationId>313030</ReservationId>
      <UnitPrice>20.00</UnitPrice>
      <Quantity>1</Quantity>
      <Weight>0</Weight>
      <VAT>1.82</VAT>
      <VATRate>10.00</VATRate>
      <VATExternalCode>10</VATExternalCode>
      <VATExternalCode2>C</VATExternalCode2>
      <VATExternalCode3>1</VATExternalCode3>
      <VATDetail>
        <Identification>1</Identification>
        <Code>10</Code>
        <Description>10%</Description>
        <Rate>10.00</Rate>
        <ExternalCode1>10</ExternalCode1>
        <ExternalCode2>C</ExternalCode2>
        <ExternalCode3>1</ExternalCode3>
      </VATDetail>
      <ProductionValueDiscount>0.00</ProductionValueDiscount>
      <DocumentValueDiscount>0.00</DocumentValueDiscount>
      <TotalValueDiscount>0.00</TotalValueDiscount>
      <GrossTotal>20.00</GrossTotal>
      <NetTotal>18.18</NetTotal>
      <SellItemModifier>
        <Identification>0</Identification>
        <Code></Code>
        <Description></Description>
      </SellItemModifier>
      <SellItem>
        <Identification>43</Identification>
        <Code>36</Code>
        <Description>Colazione</Description>
        <ExternalCode></ExternalCode>
        <ExternalCode2></ExternalCode2>
      </SellItem>
      <RevenueLevel>
        <Identification>41</Identification>
        <Description>Caffetteria</Description>
        <Code>CAFHCC</Code>
        <ExternalCode1></ExternalCode1>
        <ExternalCode2></ExternalCode2>
      </RevenueLevel>
      <SalesLevel>
        <Identification>0</Identification>
        <Code></Code>
        <Description></Description>
        <ExternalCode></ExternalCode>
        <ExternalCode2></ExternalCode2>
      </SalesLevel>
      <Changes />
      <Commissions />
      <Resource>
        <Identification>34</Identification>
        <Code>104</Code>
        <Description>104</Description>
        <ExternalCode1></ExternalCode1>
        <ExternalCode2></ExternalCode2>
      </Resource>
    </Charge>
    <Charge>
      <Identification>6008755</Identification>
      <Date>2025-02-08T00:00:00Z</Date>
      <ManagementDate>2025-02-08T00:00:00Z</ManagementDate>
      <Workstation>
        <Identification>111</Identification>
        <Code>FO1HCC</Code>
        <Name>Front-Office 1 (SX)</Name>
        <ExternalCode1></ExternalCode1>
        <ExternalCode2></ExternalCode2>
      </Workstation>
      <Description>Appartamento</Description>
      <MeasureUnit>
        <Id>0</Id>
        <Code></Code>
        <Description></Description>
        <ExternalCode></ExternalCode>
      </MeasureUnit>
      <ExcludeFromTheBill>No</ExcludeFromTheBill>
      <SplittedBillCharge>No</SplittedBillCharge>
      <SummarizedDocument>No</SummarizedDocument>
      <SummarizedDocumentData>
        <Identification>0</Identification>
        <Date></Date>
        <ManagementDate></ManagementDate>
        <Number>0</Number>
      </SummarizedDocumentData>
      <SummarizedDocumentBillingMethod>
        <Identification>0</Identification>
        <Code></Code>
        <Description></Description>
      </SummarizedDocumentBillingMethod>
      <SummarizedDocumentAccountReceivable>
        <Identification>0</Identification>
        <Code></Code>
        <Description></Description>
        <ExternalCode></ExternalCode>
        <ExternalCode2></ExternalCode2>
        <CalculationType></CalculationType>
      </SummarizedDocumentAccountReceivable>
      <OriginalDocumentData>
        <ChargeIdentification>0</ChargeIdentification>
        <Identification>0</Identification>
        <Date></Date>
        <ManagementDate></ManagementDate>
        <Number>0</Number>
      </OriginalDocumentData>
      <OriginalDocumentBillingMethod>
        <Identification>0</Identification>
        <Code></Code>
        <Description></Description>
      </OriginalDocumentBillingMethod>
      <OriginalDocumentAccountReceivable>
        <Identification>0</Identification>
        <Code></Code>
        <Description></Description>
        <ExternalCode></ExternalCode>
        <ExternalCode2></ExternalCode2>
        <CalculationType></CalculationType>
      </OriginalDocumentAccountReceivable>
      <UsedDownpaymentDocument>No</UsedDownpaymentDocument>
      <UsedDownpaymentDocumentData>
        <Identification>0</Identification>
        <Date></Date>
        <ManagementDate></ManagementDate>
        <Number>0</Number>
      </UsedDownpaymentDocumentData>
      <UsedDownpaymentDocumentBillingMethod>
        <Identification>0</Identification>
        <Code></Code>
        <Description></Description>
      </UsedDownpaymentDocumentBillingMethod>
      <UsedDownpaymentDocumentAccountReceivable>
        <Identification>0</Identification>
        <Code></Code>
        <Description></Description>
        <ExternalCode></ExternalCode>
        <ExternalCode2></ExternalCode2>
        <CalculationType></CalculationType>
      </UsedDownpaymentDocumentAccountReceivable>
      <Value>
        <Identification>18</Identification>
        <Code>EUR</Code>
        <Description>Euro</Description>
        <IsoCode>EUR</IsoCode>
        <Change>1.0000000000</Change>
      </Value>
      <Currency>
        <Identification>18</Identification>
        <Code>EUR</Code>
        <Description>Euro</Description>
        <IsoCode>EUR</IsoCode>
        <Change>1.0000000000</Change>
        <AmountCompanyCurrency>70.00</AmountCompanyCurrency>
      </Currency>
      <ReservationId>313030</ReservationId>
      <UnitPrice>70.00</UnitPrice>
      <Quantity>1</Quantity>
      <Weight>0</Weight>
      <VAT>6.36</VAT>
      <VATRate>10.00</VATRate>
      <VATExternalCode>10</VATExternalCode>
      <VATExternalCode2>C</VATExternalCode2>
      <VATExternalCode3>1</VATExternalCode3>
      <VATDetail>
        <Identification>1</Identification>
        <Code>10</Code>
        <Description>10%</Description>
        <Rate>10.00</Rate>
        <ExternalCode1>10</ExternalCode1>
        <ExternalCode2>C</ExternalCode2>
        <ExternalCode3>1</ExternalCode3>
      </VATDetail>
      <ProductionValueDiscount>0.00</ProductionValueDiscount>
      <DocumentValueDiscount>0.00</DocumentValueDiscount>
      <TotalValueDiscount>0.00</TotalValueDiscount>
      <GrossTotal>70.00</GrossTotal>
      <NetTotal>63.64</NetTotal>
      <SellItemModifier>
        <Identification>0</Identification>
        <Code></Code>
        <Description></Description>
      </SellItemModifier>
      <SellItem>
        <Identification>42</Identification>
        <Code>35</Code>
        <Description>Appartamento</Description>
        <ExternalCode></ExternalCode>
        <ExternalCode2></ExternalCode2>
      </SellItem>
      <RevenueLevel>
        <Identification>40</Identification>
        <Description>Appartamento</Description>
        <Code>APPHCC</Code>
        <ExternalCode1></ExternalCode1>
        <ExternalCode2></ExternalCode2>
      </RevenueLevel>
      <SalesLevel>
        <Identification>0</Identification>
        <Code></Code>
        <Description></Description>
        <ExternalCode></ExternalCode>
        <ExternalCode2></ExternalCode2>
      </SalesLevel>
      <Changes />
      <Commissions />
      <Resource>
        <Identification>34</Identification>
        <Code>104</Code>
        <Description>104</Description>
        <ExternalCode1></ExternalCode1>
        <ExternalCode2></ExternalCode2>
      </Resource>
    </Charge>
    <Charge>
      <Identification>6008764</Identification>
      <Date>2025-02-08T00:00:00Z</Date>
      <ManagementDate>2025-02-08T00:00:00Z</ManagementDate>
      <Workstation>
        <Identification>111</Identification>
        <Code>FO1HCC</Code>
        <Name>Front-Office 1 (SX)</Name>
        <ExternalCode1></ExternalCode1>
        <ExternalCode2></ExternalCode2>
      </Workstation>
      <Description>Colazione</Description>
      <MeasureUnit>
        <Id>0</Id>
        <Code></Code>
        <Description></Description>
        <ExternalCode></ExternalCode>
      </MeasureUnit>
      <ExcludeFromTheBill>No</ExcludeFromTheBill>
      <SplittedBillCharge>No</SplittedBillCharge>
      <SummarizedDocument>No</SummarizedDocument>
      <SummarizedDocumentData>
        <Identification>0</Identification>
        <Date></Date>
        <ManagementDate></ManagementDate>
        <Number>0</Number>
      </SummarizedDocumentData>
      <SummarizedDocumentBillingMethod>
        <Identification>0</Identification>
        <Code></Code>
        <Description></Description>
      </SummarizedDocumentBillingMethod>
      <SummarizedDocumentAccountReceivable>
        <Identification>0</Identification>
        <Code></Code>
        <Description></Description>
        <ExternalCode></ExternalCode>
        <ExternalCode2></ExternalCode2>
        <CalculationType></CalculationType>
      </SummarizedDocumentAccountReceivable>
      <OriginalDocumentData>
        <ChargeIdentification>0</ChargeIdentification>
        <Identification>0</Identification>
        <Date></Date>
        <ManagementDate></ManagementDate>
        <Number>0</Number>
      </OriginalDocumentData>
      <OriginalDocumentBillingMethod>
        <Identification>0</Identification>
        <Code></Code>
        <Description></Description>
      </OriginalDocumentBillingMethod>
      <OriginalDocumentAccountReceivable>
        <Identification>0</Identification>
        <Code></Code>
        <Description></Description>
        <ExternalCode></ExternalCode>
        <ExternalCode2></ExternalCode2>
        <CalculationType></CalculationType>
      </OriginalDocumentAccountReceivable>
      <UsedDownpaymentDocument>No</UsedDownpaymentDocument>
      <UsedDownpaymentDocumentData>
        <Identification>0</Identification>
        <Date></Date>
        <ManagementDate></ManagementDate>
        <Number>0</Number>
      </UsedDownpaymentDocumentData>
      <UsedDownpaymentDocumentBillingMethod>
        <Identification>0</Identification>
        <Code></Code>
        <Description></Description>
      </UsedDownpaymentDocumentBillingMethod>
      <UsedDownpaymentDocumentAccountReceivable>
        <Identification>0</Identification>
        <Code></Code>
        <Description></Description>
        <ExternalCode></ExternalCode>
        <ExternalCode2></ExternalCode2>
        <CalculationType></CalculationType>
      </UsedDownpaymentDocumentAccountReceivable>
      <Value>
        <Identification>18</Identification>
        <Code>EUR</Code>
        <Description>Euro</Description>
        <IsoCode>EUR</IsoCode>
        <Change>1.0000000000</Change>
      </Value>
      <Currency>
        <Identification>18</Identification>
        <Code>EUR</Code>
        <Description>Euro</Description>
        <IsoCode>EUR</IsoCode>
        <Change>1.0000000000</Change>
        <AmountCompanyCurrency>40.00</AmountCompanyCurrency>
      </Currency>
      <ReservationId>313031</ReservationId>
      <UnitPrice>20.00</UnitPrice>
      <Quantity>2</Quantity>
      <Weight>0</Weight>
      <VAT>3.64</VAT>
      <VATRate>10.00</VATRate>
      <VATExternalCode>10</VATExternalCode>
      <VATExternalCode2>C</VATExternalCode2>
      <VATExternalCode3>1</VATExternalCode3>
      <VATDetail>
        <Identification>1</Identification>
        <Code>10</Code>
        <Description>10%</Description>
        <Rate>10.00</Rate>
        <ExternalCode1>10</ExternalCode1>
        <ExternalCode2>C</ExternalCode2>
        <ExternalCode3>1</ExternalCode3>
      </VATDetail>
      <ProductionValueDiscount>0.00</ProductionValueDiscount>
      <DocumentValueDiscount>0.00</DocumentValueDiscount>
      <TotalValueDiscount>0.00</TotalValueDiscount>
      <GrossTotal>40.00</GrossTotal>
      <NetTotal>36.36</NetTotal>
      <SellItemModifier>
        <Identification>0</Identification>
        <Code></Code>
        <Description></Description>
      </SellItemModifier>
      <SellItem>
        <Identification>43</Identification>
        <Code>36</Code>
        <Description>Colazione</Description>
        <ExternalCode></ExternalCode>
        <ExternalCode2></ExternalCode2>
      </SellItem>
      <RevenueLevel>
        <Identification>41</Identification>
        <Description>Caffetteria</Description>
        <Code>CAFHCC</Code>
        <ExternalCode1></ExternalCode1>
        <ExternalCode2></ExternalCode2>
      </RevenueLevel>
      <SalesLevel>
        <Identification>0</Identification>
        <Code></Code>
        <Description></Description>
        <ExternalCode></ExternalCode>
        <ExternalCode2></ExternalCode2>
      </SalesLevel>
      <Changes />
      <Commissions />
      <Resource>
        <Identification>60</Identification>
        <Code>102</Code>
        <Description>102</Description>
        <ExternalCode1></ExternalCode1>
        <ExternalCode2></ExternalCode2>
      </Resource>
    </Charge>
    <Charge>
      <Identification>6008765</Identification>
      <Date>2025-02-08T00:00:00Z</Date>
      <ManagementDate>2025-02-08T00:00:00Z</ManagementDate>
      <Workstation>
        <Identification>111</Identification>
        <Code>FO1HCC</Code>
        <Name>Front-Office 1 (SX)</Name>
        <ExternalCode1></ExternalCode1>
        <ExternalCode2></ExternalCode2>
      </Workstation>
      <Description>Appartamento</Description>
      <MeasureUnit>
        <Id>0</Id>
        <Code></Code>
        <Description></Description>
        <ExternalCode></ExternalCode>
      </MeasureUnit>
      <ExcludeFromTheBill>No</ExcludeFromTheBill>
      <SplittedBillCharge>No</SplittedBillCharge>
      <SummarizedDocument>No</SummarizedDocument>
      <SummarizedDocumentData>
        <Identification>0</Identification>
        <Date></Date>
        <ManagementDate></ManagementDate>
        <Number>0</Number>
      </SummarizedDocumentData>
      <SummarizedDocumentBillingMethod>
        <Identification>0</Identification>
        <Code></Code>
        <Description></Description>
      </SummarizedDocumentBillingMethod>
      <SummarizedDocumentAccountReceivable>
        <Identification>0</Identification>
        <Code></Code>
        <Description></Description>
        <ExternalCode></ExternalCode>
        <ExternalCode2></ExternalCode2>
        <CalculationType></CalculationType>
      </SummarizedDocumentAccountReceivable>
      <OriginalDocumentData>
        <ChargeIdentification>0</ChargeIdentification>
        <Identification>0</Identification>
        <Date></Date>
        <ManagementDate></ManagementDate>
        <Number>0</Number>
      </OriginalDocumentData>
      <OriginalDocumentBillingMethod>
        <Identification>0</Identification>
        <Code></Code>
        <Description></Description>
      </OriginalDocumentBillingMethod>
      <OriginalDocumentAccountReceivable>
        <Identification>0</Identification>
        <Code></Code>
        <Description></Description>
        <ExternalCode></ExternalCode>
        <ExternalCode2></ExternalCode2>
        <CalculationType></CalculationType>
      </OriginalDocumentAccountReceivable>
      <UsedDownpaymentDocument>No</UsedDownpaymentDocument>
      <UsedDownpaymentDocumentData>
        <Identification>0</Identification>
        <Date></Date>
        <ManagementDate></ManagementDate>
        <Number>0</Number>
      </UsedDownpaymentDocumentData>
      <UsedDownpaymentDocumentBillingMethod>
        <Identification>0</Identification>
        <Code></Code>
        <Description></Description>
      </UsedDownpaymentDocumentBillingMethod>
      <UsedDownpaymentDocumentAccountReceivable>
        <Identification>0</Identification>
        <Code></Code>
        <Description></Description>
        <ExternalCode></ExternalCode>
        <ExternalCode2></ExternalCode2>
        <CalculationType></CalculationType>
      </UsedDownpaymentDocumentAccountReceivable>
      <Value>
        <Identification>18</Identification>
        <Code>EUR</Code>
        <Description>Euro</Description>
        <IsoCode>EUR</IsoCode>
        <Change>1.0000000000</Change>
      </Value>
      <Currency>
        <Identification>18</Identification>
        <Code>EUR</Code>
        <Description>Euro</Description>
        <IsoCode>EUR</IsoCode>
        <Change>1.0000000000</Change>
        <AmountCompanyCurrency>65.00</AmountCompanyCurrency>
      </Currency>
      <ReservationId>313031</ReservationId>
      <UnitPrice>32.50</UnitPrice>
      <Quantity>2</Quantity>
      <Weight>0</Weight>
      <VAT>5.91</VAT>
      <VATRate>10.00</VATRate>
      <VATExternalCode>10</VATExternalCode>
      <VATExternalCode2>C</VATExternalCode2>
      <VATExternalCode3>1</VATExternalCode3>
      <VATDetail>
        <Identification>1</Identification>
        <Code>10</Code>
        <Description>10%</Description>
        <Rate>10.00</Rate>
        <ExternalCode1>10</ExternalCode1>
        <ExternalCode2>C</ExternalCode2>
        <ExternalCode3>1</ExternalCode3>
      </VATDetail>
      <ProductionValueDiscount>0.00</ProductionValueDiscount>
      <DocumentValueDiscount>0.00</DocumentValueDiscount>
      <TotalValueDiscount>0.00</TotalValueDiscount>
      <GrossTotal>65.00</GrossTotal>
      <NetTotal>59.09</NetTotal>
      <SellItemModifier>
        <Identification>0</Identification>
        <Code></Code>
        <Description></Description>
      </SellItemModifier>
      <SellItem>
        <Identification>42</Identification>
        <Code>35</Code>
        <Description>Appartamento</Description>
        <ExternalCode></ExternalCode>
        <ExternalCode2></ExternalCode2>
      </SellItem>
      <RevenueLevel>
        <Identification>40</Identification>
        <Description>Appartamento</Description>
        <Code>APPHCC</Code>
        <ExternalCode1></ExternalCode1>
        <ExternalCode2></ExternalCode2>
      </RevenueLevel>
      <SalesLevel>
        <Identification>0</Identification>
        <Code></Code>
        <Description></Description>
        <ExternalCode></ExternalCode>
        <ExternalCode2></ExternalCode2>
      </SalesLevel>
      <Changes />
      <Commissions />
      <Resource>
        <Identification>60</Identification>
        <Code>102</Code>
        <Description>102</Description>
        <ExternalCode1></ExternalCode1>
        <ExternalCode2></ExternalCode2>
      </Resource>
    </Charge>
    <Charge>
      <Identification>6009725</Identification>
      <Date>2025-02-08T00:00:00Z</Date>
      <ManagementDate>2025-02-08T00:00:00Z</ManagementDate>
      <Workstation>
        <Identification>111</Identification>
        <Code>FO1HCC</Code>
        <Name>Front-Office 1 (SX)</Name>
        <ExternalCode1></ExternalCode1>
        <ExternalCode2></ExternalCode2>
      </Workstation>
      <Description>City Tax</Description>
      <MeasureUnit>
        <Id>0</Id>
        <Code></Code>
        <Description></Description>
        <ExternalCode></ExternalCode>
      </MeasureUnit>
      <ExcludeFromTheBill>No</ExcludeFromTheBill>
      <SplittedBillCharge>No</SplittedBillCharge>
      <SummarizedDocument>No</SummarizedDocument>
      <SummarizedDocumentData>
        <Identification>0</Identification>
        <Date></Date>
        <ManagementDate></ManagementDate>
        <Number>0</Number>
      </SummarizedDocumentData>
      <SummarizedDocumentBillingMethod>
        <Identification>0</Identification>
        <Code></Code>
        <Description></Description>
      </SummarizedDocumentBillingMethod>
      <SummarizedDocumentAccountReceivable>
        <Identification>0</Identification>
        <Code></Code>
        <Description></Description>
        <ExternalCode></ExternalCode>
        <ExternalCode2></ExternalCode2>
        <CalculationType></CalculationType>
      </SummarizedDocumentAccountReceivable>
      <OriginalDocumentData>
        <ChargeIdentification>0</ChargeIdentification>
        <Identification>0</Identification>
        <Date></Date>
        <ManagementDate></ManagementDate>
        <Number>0</Number>
      </OriginalDocumentData>
      <OriginalDocumentBillingMethod>
        <Identification>0</Identification>
        <Code></Code>
        <Description></Description>
      </OriginalDocumentBillingMethod>
      <OriginalDocumentAccountReceivable>
        <Identification>0</Identification>
        <Code></Code>
        <Description></Description>
        <ExternalCode></ExternalCode>
        <ExternalCode2></ExternalCode2>
        <CalculationType></CalculationType>
      </OriginalDocumentAccountReceivable>
      <UsedDownpaymentDocument>No</UsedDownpaymentDocument>
      <UsedDownpaymentDocumentData>
        <Identification>0</Identification>
        <Date></Date>
        <ManagementDate></ManagementDate>
        <Number>0</Number>
      </UsedDownpaymentDocumentData>
      <UsedDownpaymentDocumentBillingMethod>
        <Identification>0</Identification>
        <Code></Code>
        <Description></Description>
      </UsedDownpaymentDocumentBillingMethod>
      <UsedDownpaymentDocumentAccountReceivable>
        <Identification>0</Identification>
        <Code></Code>
        <Description></Description>
        <ExternalCode></ExternalCode>
        <ExternalCode2></ExternalCode2>
        <CalculationType></CalculationType>
      </UsedDownpaymentDocumentAccountReceivable>
      <Value>
        <Identification>18</Identification>
        <Code>EUR</Code>
        <Description>Euro</Description>
        <IsoCode>EUR</IsoCode>
        <Change>1.0000000000</Change>
      </Value>
      <Currency>
        <Identification>18</Identification>
        <Code>EUR</Code>
        <Description>Euro</Description>
        <IsoCode>EUR</IsoCode>
        <Change>1.0000000000</Change>
        <AmountCompanyCurrency>2.00</AmountCompanyCurrency>
      </Currency>
      <ReservationId>313030</ReservationId>
      <UnitPrice>2.00</UnitPrice>
      <Quantity>1</Quantity>
      <Weight>0</Weight>
      <VAT>0.00</VAT>
      <VATRate>0.00</VATRate>
      <VATExternalCode>FCITA</VATExternalCode>
      <VATExternalCode2>C</VATExternalCode2>
      <VATExternalCode3>1</VATExternalCode3>
      <VATDetail>
        <Identification>6</Identification>
        <Code>FCI</Code>
        <Description>F.C.I City Tax</Description>
        <Rate>0.00</Rate>
        <ExternalCode1>FCITA</ExternalCode1>
        <ExternalCode2>C</ExternalCode2>
        <ExternalCode3>1</ExternalCode3>
      </VATDetail>
      <ProductionValueDiscount>0.00</ProductionValueDiscount>
      <DocumentValueDiscount>0.00</DocumentValueDiscount>
      <TotalValueDiscount>0.00</TotalValueDiscount>
      <GrossTotal>2.00</GrossTotal>
      <NetTotal>2.00</NetTotal>
      <SellItemModifier>
        <Identification>0</Identification>
        <Code></Code>
        <Description></Description>
      </SellItemModifier>
      <SellItem>
        <Identification>3611</Identification>
        <Code>CT CC</Code>
        <Description>City Tax</Description>
        <ExternalCode></ExternalCode>
        <ExternalCode2></ExternalCode2>
      </SellItem>
      <RevenueLevel>
        <Identification>55</Identification>
        <Description>City Tax</Description>
        <Code>CTHCC</Code>
        <ExternalCode1></ExternalCode1>
        <ExternalCode2></ExternalCode2>
      </RevenueLevel>
      <SalesLevel>
        <Identification>0</Identification>
        <Code></Code>
        <Description></Description>
        <ExternalCode></ExternalCode>
        <ExternalCode2></ExternalCode2>
      </SalesLevel>
      <Changes />
      <Commissions />
      <Resource>
        <Identification>34</Identification>
        <Code>104</Code>
        <Description>104</Description>
        <ExternalCode1></ExternalCode1>
        <ExternalCode2></ExternalCode2>
      </Resource>
    </Charge>
    <Charge>
      <Identification>6009726</Identification>
      <Date>2025-02-08T00:00:00Z</Date>
      <ManagementDate>2025-02-08T00:00:00Z</ManagementDate>
      <Workstation>
        <Identification>111</Identification>
        <Code>FO1HCC</Code>
        <Name>Front-Office 1 (SX)</Name>
        <ExternalCode1></ExternalCode1>
        <ExternalCode2></ExternalCode2>
      </Workstation>
      <Description>City Tax</Description>
      <MeasureUnit>
        <Id>0</Id>
        <Code></Code>
        <Description></Description>
        <ExternalCode></ExternalCode>
      </MeasureUnit>
      <ExcludeFromTheBill>No</ExcludeFromTheBill>
      <SplittedBillCharge>No</SplittedBillCharge>
      <SummarizedDocument>No</SummarizedDocument>
      <SummarizedDocumentData>
        <Identification>0</Identification>
        <Date></Date>
        <ManagementDate></ManagementDate>
        <Number>0</Number>
      </SummarizedDocumentData>
      <SummarizedDocumentBillingMethod>
        <Identification>0</Identification>
        <Code></Code>
        <Description></Description>
      </SummarizedDocumentBillingMethod>
      <SummarizedDocumentAccountReceivable>
        <Identification>0</Identification>
        <Code></Code>
        <Description></Description>
        <ExternalCode></ExternalCode>
        <ExternalCode2></ExternalCode2>
        <CalculationType></CalculationType>
      </SummarizedDocumentAccountReceivable>
      <OriginalDocumentData>
        <ChargeIdentification>0</ChargeIdentification>
        <Identification>0</Identification>
        <Date></Date>
        <ManagementDate></ManagementDate>
        <Number>0</Number>
      </OriginalDocumentData>
      <OriginalDocumentBillingMethod>
        <Identification>0</Identification>
        <Code></Code>
        <Description></Description>
      </OriginalDocumentBillingMethod>
      <OriginalDocumentAccountReceivable>
        <Identification>0</Identification>
        <Code></Code>
        <Description></Description>
        <ExternalCode></ExternalCode>
        <ExternalCode2></ExternalCode2>
        <CalculationType></CalculationType>
      </OriginalDocumentAccountReceivable>
      <UsedDownpaymentDocument>No</UsedDownpaymentDocument>
      <UsedDownpaymentDocumentData>
        <Identification>0</Identification>
        <Date></Date>
        <ManagementDate></ManagementDate>
        <Number>0</Number>
      </UsedDownpaymentDocumentData>
      <UsedDownpaymentDocumentBillingMethod>
        <Identification>0</Identification>
        <Code></Code>
        <Description></Description>
      </UsedDownpaymentDocumentBillingMethod>
      <UsedDownpaymentDocumentAccountReceivable>
        <Identification>0</Identification>
        <Code></Code>
        <Description></Description>
        <ExternalCode></ExternalCode>
        <ExternalCode2></ExternalCode2>
        <CalculationType></CalculationType>
      </UsedDownpaymentDocumentAccountReceivable>
      <Value>
        <Identification>18</Identification>
        <Code>EUR</Code>
        <Description>Euro</Description>
        <IsoCode>EUR</IsoCode>
        <Change>1.0000000000</Change>
      </Value>
      <Currency>
        <Identification>18</Identification>
        <Code>EUR</Code>
        <Description>Euro</Description>
        <IsoCode>EUR</IsoCode>
        <Change>1.0000000000</Change>
        <AmountCompanyCurrency>2.00</AmountCompanyCurrency>
      </Currency>
      <ReservationId>313031</ReservationId>
      <UnitPrice>2.00</UnitPrice>
      <Quantity>1</Quantity>
      <Weight>0</Weight>
      <VAT>0.00</VAT>
      <VATRate>0.00</VATRate>
      <VATExternalCode>FCITA</VATExternalCode>
      <VATExternalCode2>C</VATExternalCode2>
      <VATExternalCode3>1</VATExternalCode3>
      <VATDetail>
        <Identification>6</Identification>
        <Code>FCI</Code>
        <Description>F.C.I City Tax</Description>
        <Rate>0.00</Rate>
        <ExternalCode1>FCITA</ExternalCode1>
        <ExternalCode2>C</ExternalCode2>
        <ExternalCode3>1</ExternalCode3>
      </VATDetail>
      <ProductionValueDiscount>0.00</ProductionValueDiscount>
      <DocumentValueDiscount>0.00</DocumentValueDiscount>
      <TotalValueDiscount>0.00</TotalValueDiscount>
      <GrossTotal>2.00</GrossTotal>
      <NetTotal>2.00</NetTotal>
      <SellItemModifier>
        <Identification>0</Identification>
        <Code></Code>
        <Description></Description>
      </SellItemModifier>
      <SellItem>
        <Identification>3611</Identification>
        <Code>CT CC</Code>
        <Description>City Tax</Description>
        <ExternalCode></ExternalCode>
        <ExternalCode2></ExternalCode2>
      </SellItem>
      <RevenueLevel>
        <Identification>55</Identification>
        <Description>City Tax</Description>
        <Code>CTHCC</Code>
        <ExternalCode1></ExternalCode1>
        <ExternalCode2></ExternalCode2>
      </RevenueLevel>
      <SalesLevel>
        <Identification>0</Identification>
        <Code></Code>
        <Description></Description>
        <ExternalCode></ExternalCode>
        <ExternalCode2></ExternalCode2>
      </SalesLevel>
      <Changes />
      <Commissions />
      <Resource>
        <Identification>60</Identification>
        <Code>102</Code>
        <Description>102</Description>
        <ExternalCode1></ExternalCode1>
        <ExternalCode2></ExternalCode2>
      </Resource>
    </Charge>
    <Charge>
      <Identification>6009727</Identification>
      <Date>2025-02-08T00:00:00Z</Date>
      <ManagementDate>2025-02-08T00:00:00Z</ManagementDate>
      <Workstation>
        <Identification>111</Identification>
        <Code>FO1HCC</Code>
        <Name>Front-Office 1 (SX)</Name>
        <ExternalCode1></ExternalCode1>
        <ExternalCode2></ExternalCode2>
      </Workstation>
      <Description>City Tax</Description>
      <MeasureUnit>
        <Id>0</Id>
        <Code></Code>
        <Description></Description>
        <ExternalCode></ExternalCode>
      </MeasureUnit>
      <ExcludeFromTheBill>No</ExcludeFromTheBill>
      <SplittedBillCharge>No</SplittedBillCharge>
      <SummarizedDocument>No</SummarizedDocument>
      <SummarizedDocumentData>
        <Identification>0</Identification>
        <Date></Date>
        <ManagementDate></ManagementDate>
        <Number>0</Number>
      </SummarizedDocumentData>
      <SummarizedDocumentBillingMethod>
        <Identification>0</Identification>
        <Code></Code>
        <Description></Description>
      </SummarizedDocumentBillingMethod>
      <SummarizedDocumentAccountReceivable>
        <Identification>0</Identification>
        <Code></Code>
        <Description></Description>
        <ExternalCode></ExternalCode>
        <ExternalCode2></ExternalCode2>
        <CalculationType></CalculationType>
      </SummarizedDocumentAccountReceivable>
      <OriginalDocumentData>
        <ChargeIdentification>0</ChargeIdentification>
        <Identification>0</Identification>
        <Date></Date>
        <ManagementDate></ManagementDate>
        <Number>0</Number>
      </OriginalDocumentData>
      <OriginalDocumentBillingMethod>
        <Identification>0</Identification>
        <Code></Code>
        <Description></Description>
      </OriginalDocumentBillingMethod>
      <OriginalDocumentAccountReceivable>
        <Identification>0</Identification>
        <Code></Code>
        <Description></Description>
        <ExternalCode></ExternalCode>
        <ExternalCode2></ExternalCode2>
        <CalculationType></CalculationType>
      </OriginalDocumentAccountReceivable>
      <UsedDownpaymentDocument>No</UsedDownpaymentDocument>
      <UsedDownpaymentDocumentData>
        <Identification>0</Identification>
        <Date></Date>
        <ManagementDate></ManagementDate>
        <Number>0</Number>
      </UsedDownpaymentDocumentData>
      <UsedDownpaymentDocumentBillingMethod>
        <Identification>0</Identification>
        <Code></Code>
        <Description></Description>
      </UsedDownpaymentDocumentBillingMethod>
      <UsedDownpaymentDocumentAccountReceivable>
        <Identification>0</Identification>
        <Code></Code>
        <Description></Description>
        <ExternalCode></ExternalCode>
        <ExternalCode2></ExternalCode2>
        <CalculationType></CalculationType>
      </UsedDownpaymentDocumentAccountReceivable>
      <Value>
        <Identification>18</Identification>
        <Code>EUR</Code>
        <Description>Euro</Description>
        <IsoCode>EUR</IsoCode>
        <Change>1.0000000000</Change>
      </Value>
      <Currency>
        <Identification>18</Identification>
        <Code>EUR</Code>
        <Description>Euro</Description>
        <IsoCode>EUR</IsoCode>
        <Change>1.0000000000</Change>
        <AmountCompanyCurrency>2.00</AmountCompanyCurrency>
      </Currency>
      <ReservationId>313031</ReservationId>
      <UnitPrice>2.00</UnitPrice>
      <Quantity>1</Quantity>
      <Weight>0</Weight>
      <VAT>0.00</VAT>
      <VATRate>0.00</VATRate>
      <VATExternalCode>FCITA</VATExternalCode>
      <VATExternalCode2>C</VATExternalCode2>
      <VATExternalCode3>1</VATExternalCode3>
      <VATDetail>
        <Identification>6</Identification>
        <Code>FCI</Code>
        <Description>F.C.I City Tax</Description>
        <Rate>0.00</Rate>
        <ExternalCode1>FCITA</ExternalCode1>
        <ExternalCode2>C</ExternalCode2>
        <ExternalCode3>1</ExternalCode3>
      </VATDetail>
      <ProductionValueDiscount>0.00</ProductionValueDiscount>
      <DocumentValueDiscount>0.00</DocumentValueDiscount>
      <TotalValueDiscount>0.00</TotalValueDiscount>
      <GrossTotal>2.00</GrossTotal>
      <NetTotal>2.00</NetTotal>
      <SellItemModifier>
        <Identification>0</Identification>
        <Code></Code>
        <Description></Description>
      </SellItemModifier>
      <SellItem>
        <Identification>3611</Identification>
        <Code>CT CC</Code>
        <Description>City Tax</Description>
        <ExternalCode></ExternalCode>
        <ExternalCode2></ExternalCode2>
      </SellItem>
      <RevenueLevel>
        <Identification>55</Identification>
        <Description>City Tax</Description>
        <Code>CTHCC</Code>
        <ExternalCode1></ExternalCode1>
        <ExternalCode2></ExternalCode2>
      </RevenueLevel>
      <SalesLevel>
        <Identification>0</Identification>
        <Code></Code>
        <Description></Description>
        <ExternalCode></ExternalCode>
        <ExternalCode2></ExternalCode2>
      </SalesLevel>
      <Changes />
      <Commissions />
      <Resource>
        <Identification>60</Identification>
        <Code>102</Code>
        <Description>102</Description>
        <ExternalCode1></ExternalCode1>
        <ExternalCode2></ExternalCode2>
      </Resource>
    </Charge>
  </Charges>
  <Body>
    <Line>
      <Quantity></Quantity>
      <Description>Pinelli Giuseppe</Description>
      <Price></Price>
      <GrossPrice></GrossPrice>
      <NetPrice></NetPrice>
      <Total></Total>
      <GrossTotal></GrossTotal>
      <NetTotal></NetTotal>
      <RoundingNetTotalVATExtraction></RoundingNetTotalVATExtraction>
      <VAT></VAT>
      <LineType>4</LineType>
      <VATDetail>
        <Identification></Identification>
        <Code></Code>
        <Description></Description>
        <Rate></Rate>
        <ExternalCode1></ExternalCode1>
        <ExternalCode2></ExternalCode2>
        <ExternalCode3></ExternalCode3>
      </VATDetail>
      <SellItem>
        <Identification></Identification>
        <Code></Code>
        <Description></Description>
        <Type></Type>
      </SellItem>
    </Line>
    <Line>
      <Quantity></Quantity>
      <Description>Soggiorno dal 08/02/2025 al 09/02/2025</Description>
      <Price></Price>
      <GrossPrice></GrossPrice>
      <NetPrice></NetPrice>
      <Total></Total>
      <GrossTotal></GrossTotal>
      <NetTotal></NetTotal>
      <RoundingNetTotalVATExtraction></RoundingNetTotalVATExtraction>
      <VAT></VAT>
      <LineType>4</LineType>
      <VATDetail>
        <Identification></Identification>
        <Code></Code>
        <Description></Description>
        <Rate></Rate>
        <ExternalCode1></ExternalCode1>
        <ExternalCode2></ExternalCode2>
        <ExternalCode3></ExternalCode3>
      </VATDetail>
      <SellItem>
        <Identification></Identification>
        <Code></Code>
        <Description></Description>
        <Type></Type>
      </SellItem>
    </Line>
    <Line>
      <Quantity></Quantity>
      <Description>104</Description>
      <Price></Price>
      <GrossPrice></GrossPrice>
      <NetPrice></NetPrice>
      <Total></Total>
      <GrossTotal></GrossTotal>
      <NetTotal></NetTotal>
      <RoundingNetTotalVATExtraction></RoundingNetTotalVATExtraction>
      <VAT></VAT>
      <LineType>4</LineType>
      <VATDetail>
        <Identification></Identification>
        <Code></Code>
        <Description></Description>
        <Rate></Rate>
        <ExternalCode1></ExternalCode1>
        <ExternalCode2></ExternalCode2>
        <ExternalCode3></ExternalCode3>
      </VATDetail>
      <SellItem>
        <Identification></Identification>
        <Code></Code>
        <Description></Description>
        <Type></Type>
      </SellItem>
    </Line>
    <Line>
      <Quantity></Quantity>
      <Description>Bed &amp; Breakfast</Description>
      <Price></Price>
      <GrossPrice></GrossPrice>
      <NetPrice></NetPrice>
      <Total></Total>
      <GrossTotal></GrossTotal>
      <NetTotal></NetTotal>
      <RoundingNetTotalVATExtraction></RoundingNetTotalVATExtraction>
      <VAT></VAT>
      <LineType>4</LineType>
      <VATDetail>
        <Identification></Identification>
        <Code></Code>
        <Description></Description>
        <Rate></Rate>
        <ExternalCode1></ExternalCode1>
        <ExternalCode2></ExternalCode2>
        <ExternalCode3></ExternalCode3>
      </VATDetail>
      <SellItem>
        <Identification></Identification>
        <Code></Code>
        <Description></Description>
        <Type></Type>
      </SellItem>
    </Line>
    <Line>
      <Quantity>1.00</Quantity>
      <Description>1 Adulti</Description>
      <Price>90.00</Price>
      <GrossPrice>90.00</GrossPrice>
      <NetPrice>81.82</NetPrice>
      <Total>90.00</Total>
      <GrossTotal>90.00</GrossTotal>
      <NetTotal>81.82</NetTotal>
      <RoundingNetTotalVATExtraction>0.00</RoundingNetTotalVATExtraction>
      <RoundingNetTotalVATExtraction></RoundingNetTotalVATExtraction>
      <VAT>10</VAT>
      <LineType>4</LineType>
      <VATDetail>
        <Identification>1</Identification>
        <Code>10</Code>
        <Description>10%</Description>
        <Rate>10.00</Rate>
        <ExternalCode1>10</ExternalCode1>
        <ExternalCode2>C</ExternalCode2>
        <ExternalCode3>1</ExternalCode3>
      </VATDetail>
      <SellItem>
        <Identification></Identification>
        <Code></Code>
        <Description></Description>
        <Type></Type>
      </SellItem>
    </Line>
    <Line>
      <Quantity></Quantity>
      <Description>Pecora Eleonora</Description>
      <Price></Price>
      <GrossPrice></GrossPrice>
      <NetPrice></NetPrice>
      <Total></Total>
      <GrossTotal></GrossTotal>
      <NetTotal></NetTotal>
      <RoundingNetTotalVATExtraction></RoundingNetTotalVATExtraction>
      <VAT></VAT>
      <LineType>4</LineType>
      <VATDetail>
        <Identification></Identification>
        <Code></Code>
        <Description></Description>
        <Rate></Rate>
        <ExternalCode1></ExternalCode1>
        <ExternalCode2></ExternalCode2>
        <ExternalCode3></ExternalCode3>
      </VATDetail>
      <SellItem>
        <Identification></Identification>
        <Code></Code>
        <Description></Description>
        <Type></Type>
      </SellItem>
    </Line>
    <Line>
      <Quantity></Quantity>
      <Description>Soggiorno dal 08/02/2025 al 09/02/2025</Description>
      <Price></Price>
      <GrossPrice></GrossPrice>
      <NetPrice></NetPrice>
      <Total></Total>
      <GrossTotal></GrossTotal>
      <NetTotal></NetTotal>
      <RoundingNetTotalVATExtraction></RoundingNetTotalVATExtraction>
      <VAT></VAT>
      <LineType>4</LineType>
      <VATDetail>
        <Identification></Identification>
        <Code></Code>
        <Description></Description>
        <Rate></Rate>
        <ExternalCode1></ExternalCode1>
        <ExternalCode2></ExternalCode2>
        <ExternalCode3></ExternalCode3>
      </VATDetail>
      <SellItem>
        <Identification></Identification>
        <Code></Code>
        <Description></Description>
        <Type></Type>
      </SellItem>
    </Line>
    <Line>
      <Quantity></Quantity>
      <Description>102</Description>
      <Price></Price>
      <GrossPrice></GrossPrice>
      <NetPrice></NetPrice>
      <Total></Total>
      <GrossTotal></GrossTotal>
      <NetTotal></NetTotal>
      <RoundingNetTotalVATExtraction></RoundingNetTotalVATExtraction>
      <VAT></VAT>
      <LineType>4</LineType>
      <VATDetail>
        <Identification></Identification>
        <Code></Code>
        <Description></Description>
        <Rate></Rate>
        <ExternalCode1></ExternalCode1>
        <ExternalCode2></ExternalCode2>
        <ExternalCode3></ExternalCode3>
      </VATDetail>
      <SellItem>
        <Identification></Identification>
        <Code></Code>
        <Description></Description>
        <Type></Type>
      </SellItem>
    </Line>
    <Line>
      <Quantity></Quantity>
      <Description>Bed &amp; Breakfast</Description>
      <Price></Price>
      <GrossPrice></GrossPrice>
      <NetPrice></NetPrice>
      <Total></Total>
      <GrossTotal></GrossTotal>
      <NetTotal></NetTotal>
      <RoundingNetTotalVATExtraction></RoundingNetTotalVATExtraction>
      <VAT></VAT>
      <LineType>4</LineType>
      <VATDetail>
        <Identification></Identification>
        <Code></Code>
        <Description></Description>
        <Rate></Rate>
        <ExternalCode1></ExternalCode1>
        <ExternalCode2></ExternalCode2>
        <ExternalCode3></ExternalCode3>
      </VATDetail>
      <SellItem>
        <Identification></Identification>
        <Code></Code>
        <Description></Description>
        <Type></Type>
      </SellItem>
    </Line>
    <Line>
      <Quantity>1.00</Quantity>
      <Description>2 Adulti</Description>
      <Price>105.00</Price>
      <GrossPrice>105.00</GrossPrice>
      <NetPrice>95.45</NetPrice>
      <Total>105.00</Total>
      <GrossTotal>105.00</GrossTotal>
      <NetTotal>95.45</NetTotal>
      <RoundingNetTotalVATExtraction>0.00</RoundingNetTotalVATExtraction>
      <RoundingNetTotalVATExtraction></RoundingNetTotalVATExtraction>
      <VAT>10</VAT>
      <LineType>4</LineType>
      <VATDetail>
        <Identification>1</Identification>
        <Code>10</Code>
        <Description>10%</Description>
        <Rate>10.00</Rate>
        <ExternalCode1>10</ExternalCode1>
        <ExternalCode2>C</ExternalCode2>
        <ExternalCode3>1</ExternalCode3>
      </VATDetail>
      <SellItem>
        <Identification></Identification>
        <Code></Code>
        <Description></Description>
        <Type></Type>
      </SellItem>
    </Line>
    <Line>
      <Quantity></Quantity>
      <Description></Description>
      <Price></Price>
      <GrossPrice></GrossPrice>
      <NetPrice></NetPrice>
      <Total></Total>
      <GrossTotal></GrossTotal>
      <NetTotal></NetTotal>
      <RoundingNetTotalVATExtraction></RoundingNetTotalVATExtraction>
      <VAT></VAT>
      <LineType>3</LineType>
      <VATDetail>
        <Identification></Identification>
        <Code></Code>
        <Description></Description>
        <Rate></Rate>
        <ExternalCode1></ExternalCode1>
        <ExternalCode2></ExternalCode2>
        <ExternalCode3></ExternalCode3>
      </VATDetail>
      <SellItem>
        <Identification></Identification>
        <Code></Code>
        <Description></Description>
        <Type></Type>
      </SellItem>
    </Line>
    <Line>
      <Quantity>3.00</Quantity>
      <Description>08/02/2025  City Tax</Description>
      <Price>2.00</Price>
      <GrossPrice>2.00</GrossPrice>
      <NetPrice>2.00</NetPrice>
      <Total>6.00</Total>
      <GrossTotal>6.00</GrossTotal>
      <NetTotal>6.00</NetTotal>
      <RoundingNetTotalVATExtraction>0.00</RoundingNetTotalVATExtraction>
      <RoundingNetTotalVATExtraction></RoundingNetTotalVATExtraction>
      <VAT>0</VAT>
      <LineType>2</LineType>
      <VATDetail>
        <Identification>6</Identification>
        <Code>FCI</Code>
        <Description>F.C.I City Tax</Description>
        <Rate>0.00</Rate>
        <ExternalCode1>FCITA</ExternalCode1>
        <ExternalCode2>C</ExternalCode2>
        <ExternalCode3>1</ExternalCode3>
      </VATDetail>
      <SellItem>
        <Identification>3611</Identification>
        <Code>CT CC</Code>
        <Description>City Tax</Description>
        <Type>G</Type>
      </SellItem>
    </Line>
    <Line>
      <Quantity></Quantity>
      <Description></Description>
      <Price></Price>
      <GrossPrice></GrossPrice>
      <NetPrice></NetPrice>
      <Total></Total>
      <GrossTotal></GrossTotal>
      <NetTotal></NetTotal>
      <RoundingNetTotalVATExtraction></RoundingNetTotalVATExtraction>
      <VAT></VAT>
      <LineType>16</LineType>
      <VATDetail>
        <Identification></Identification>
        <Code></Code>
        <Description></Description>
        <Rate></Rate>
        <ExternalCode1></ExternalCode1>
        <ExternalCode2></ExternalCode2>
        <ExternalCode3></ExternalCode3>
      </VATDetail>
      <SellItem>
        <Identification></Identification>
        <Code></Code>
        <Description></Description>
        <Type></Type>
      </SellItem>
    </Line>
    <Line>
      <Quantity></Quantity>
      <Description>      201,00 PAGATE CON Carta di credito</Description>
      <Price></Price>
      <GrossPrice></GrossPrice>
      <NetPrice></NetPrice>
      <Total></Total>
      <GrossTotal></GrossTotal>
      <NetTotal></NetTotal>
      <RoundingNetTotalVATExtraction></RoundingNetTotalVATExtraction>
      <VAT></VAT>
      <LineType>16</LineType>
      <VATDetail>
        <Identification></Identification>
        <Code></Code>
        <Description></Description>
        <Rate></Rate>
        <ExternalCode1></ExternalCode1>
        <ExternalCode2></ExternalCode2>
        <ExternalCode3></ExternalCode3>
      </VATDetail>
      <SellItem>
        <Identification></Identification>
        <Code></Code>
        <Description></Description>
        <Type></Type>
      </SellItem>
    </Line>
  </Body>
  <Totals>
    <Details>195.00</Details>
    <CreditUsed>0.00</CreditUsed>
    <TransactionSummary>0.00</TransactionSummary>
    <Service>0.00</Service>
    <MealTicketExtraCharge>0.00</MealTicketExtraCharge>
    <ReturnedMealTicketToken>0.00</ReturnedMealTicketToken>
    <Offer>0.00</Offer>
    <AdditionalTaxes>6.00</AdditionalTaxes>
    <FidelityDiscount>0.00</FidelityDiscount>
    <SubTotal>201.00</SubTotal>
    <PercentageDiscount>0.00</PercentageDiscount>
    <ValueDiscount>0.00</ValueDiscount>
    <NetTotalDiscount>0.00</NetTotalDiscount>
    <Commission>0.00</Commission>
    <TotalDue>201.00</TotalDue>
    <TotalDocument>201.00</TotalDocument>
    <CurrencyName>Euro</CurrencyName>
    <CurrencyChange>1</CurrencyChange>
    <CurrencySymbol>€</CurrencySymbol>
    <Taxes>
      <Tax>
        <Code>10</Code>
        <Description>10%</Description>
        <RateableValue>177.27</RateableValue>
        <VATRate>10.00</VATRate>
        <VATExternalCode>10</VATExternalCode>
        <VATExternalCode2>C</VATExternalCode2>
        <VATExternalCode3>1</VATExternalCode3>
        <VAT>17.73</VAT>
        <Total>195.00</Total>
        <RoundingNetTotalVATExtraction>0.00</RoundingNetTotalVATExtraction>
        <Currency>
          <Identification>18</Identification>
          <Code>EUR</Code>
          <Description>Euro</Description>
          <IsoCode>EUR</IsoCode>
          <Change>1.0000000000</Change>
        </Currency>
      </Tax>
      <Tax>
        <Code>FCI</Code>
        <Description>F.C.I City Tax</Description>
        <RateableValue>6.00</RateableValue>
        <VATRate>0.00</VATRate>
        <VATExternalCode>FCITA</VATExternalCode>
        <VATExternalCode2>C</VATExternalCode2>
        <VATExternalCode3>1</VATExternalCode3>
        <VAT>0.00</VAT>
        <Total>6.00</Total>
        <RoundingNetTotalVATExtraction>0.00</RoundingNetTotalVATExtraction>
        <Currency>
          <Identification>18</Identification>
          <Code>EUR</Code>
          <Description>Euro</Description>
          <IsoCode>EUR</IsoCode>
          <Change>1.0000000000</Change>
        </Currency>
      </Tax>
    </Taxes>
    <BodyTaxes>
      <Tax>
        <Code>10</Code>
        <Description>10%</Description>
        <RateableValue>177.27</RateableValue>
        <VATRate>10.00</VATRate>
        <VATExternalCode>10</VATExternalCode>
        <VATExternalCode2>C</VATExternalCode2>
        <VATExternalCode3>1</VATExternalCode3>
        <VAT>17.73</VAT>
        <Total>195.00</Total>
        <RoundingNetTotalVATExtraction>0.00</RoundingNetTotalVATExtraction>
        <Currency>
          <Identification>18</Identification>
          <Code>EUR</Code>
          <Description>Euro</Description>
          <IsoCode>EUR</IsoCode>
          <Change>1.0000000000</Change>
        </Currency>
      </Tax>
      <Tax>
        <Code>FCI</Code>
        <Description>F.C.I City Tax</Description>
        <RateableValue>6.00</RateableValue>
        <VATRate>0.00</VATRate>
        <VATExternalCode>FCITA</VATExternalCode>
        <VATExternalCode2>C</VATExternalCode2>
        <VATExternalCode3>1</VATExternalCode3>
        <VAT>0.00</VAT>
        <Total>6.00</Total>
        <RoundingNetTotalVATExtraction>0.00</RoundingNetTotalVATExtraction>
        <Currency>
          <Identification>18</Identification>
          <Code>EUR</Code>
          <Description>Euro</Description>
          <IsoCode>EUR</IsoCode>
          <Change>1.0000000000</Change>
        </Currency>
      </Tax>
    </BodyTaxes>
    <Payments>
      <Payment>
        <Identification>1010235</Identification>
        <Type>
          <Identification>23</Identification>
          <Code>CAR</Code>
          <Description>Carta di credito</Description>
          <ExternalCode></ExternalCode>
          <ExternalCode2></ExternalCode2>
          <Beneficiary></Beneficiary>
          <Bank></Bank>
          <Iban></Iban>
          <TypePaymentType>0</TypePaymentType>
        </Type>
        <Value>201.00</Value>
        <CurrencyName>Euro</CurrencyName>
        <CurrencySymbol>€</CurrencySymbol>
        <CurrencyChange>1.00</CurrencyChange>
        <Note></Note>
        <Outstanding>No</Outstanding>
        <ExpiryDate></ExpiryDate>
        <CashedDate></CashedDate>
        <OutstandingHeading>
          <Identification>0</Identification>
          <ExternalCode></ExternalCode>
          <ExternalCode2></ExternalCode2>
          <ProfileName></ProfileName>
          <Surname></Surname>
          <FirstName></FirstName>
          <VATCode></VATCode>
          <RecipientCode></RecipientCode>
          <CertifiedMail></CertifiedMail>
          <CompanyRegNumber></CompanyRegNumber>
          <Address></Address>
          <City>
            <Identification>0</Identification>
            <Description></Description>
            <Zip></Zip>
            <ExternalCode1></ExternalCode1>
            <ExternalCode2></ExternalCode2>
            <ExternalCode3></ExternalCode3>
          </City>
          <County>
            <Identification>0</Identification>
            <Code></Code>
            <Description></Description>
            <ExternalCode1></ExternalCode1>
            <ExternalCode2></ExternalCode2>
            <ExternalCode3></ExternalCode3>
          </County>
          <State>
            <Identification>0</Identification>
            <Code></Code>
            <Description></Description>
            <ExternalCode1></ExternalCode1>
            <ExternalCode2></ExternalCode2>
            <ExternalCode3></ExternalCode3>
          </State>
          <Country>
            <Identification>0</Identification>
            <Code></Code>
            <Description></Description>
            <ExternalCode1></ExternalCode1>
            <ExternalCode2></ExternalCode2>
            <ExternalCode3></ExternalCode3>
            <GroupCountry>
              <Identification>0</Identification>
              <Code></Code>
              <Description></Description>
              <ExternalCode1></ExternalCode1>
              <ExternalCode2></ExternalCode2>
              <ExternalCode3></ExternalCode3>
            </GroupCountry>
          </Country>
          <IDDocument>
            <Identification>0</Identification>
            <Code></Code>
            <ExternalCode></ExternalCode>
            <Description></Description>
            <Number></Number>
            <Date>1899-12-31</Date>
          </IDDocument>
        </OutstandingHeading>
        <OriginDetails />
      </Payment>
    </Payments>
  </Totals>
  <SummarizedDocuments></SummarizedDocuments>
  <Reservations>
    <Reservation>
      <ReservationId>313030</ReservationId>
      <Arrival>08/02/2025 00:00:00</Arrival>
      <Departure>09/02/2025 00:00:00</Departure>
      <ReservationDescription>[39558] Pinelli Giuseppe (Singola: 104)</ReservationDescription>
      <ResourceId>34</ResourceId>
      <ResourceCode>104</ResourceCode>
      <ResourceDescription>104</ResourceDescription>
      <SubTypeId>30</SubTypeId>
      <SubTypeCode>C1Q</SubTypeCode>
      <SubTypeDescription>Singola</SubTypeDescription>
      <Guest>Pinelli Giuseppe</Guest>
      <GuestNumbers>1</GuestNumbers>
    </Reservation>
    <Reservation>
      <ReservationId>313031</ReservationId>
      <Arrival>08/02/2025 00:00:00</Arrival>
      <Departure>09/02/2025 00:00:00</Departure>
      <ReservationDescription>[39559] Pecora Eleonora (Classic: 102)</ReservationDescription>
      <ResourceId>60</ResourceId>
      <ResourceCode>102</ResourceCode>
      <ResourceDescription>102</ResourceDescription>
      <SubTypeId>31</SubTypeId>
      <SubTypeCode>B1K</SubTypeCode>
      <SubTypeDescription>Classic</SubTypeDescription>
      <Guest>Pecora Eleonora</Guest>
      <GuestNumbers>2</GuestNumbers>
    </Reservation>
  </Reservations>
  <Attachments></Attachments>
</Bill>