<Bill>
  <FileInformation>
    <Type>DOC</Type>
    <Version>14</Version>
    <ExportDate>2021-12-21T10:31:30Z</ExportDate>
    <Cancellation>No</Cancellation>
    <Seller>
      <Identification>1</Identification>
      <Description>Azienda 0001</Description>
      <ProfileName>GFR Srl</ProfileName>
      <VATCode>01234360251</VATCode>
      <CompanyRegNumber>01234360251</CompanyRegNumber>
      <Address>Corso Italia, 207</Address>
      <City>Cortina d'Ampezzo</City>
      <Zip>32043</Zip>
      <County>BL</County>
      <Country>Italia</Country>
      <Telephone>04363221</Telephone>
      <Email>info@hoteleuropacortina.it</Email>
      <Fax></Fax>
    </Seller>
  </FileInformation>
  <Head>
    <Terminal>
      <Identification>1</Identification>
      <Description>Server</Description>
      <ExternalCode1></ExternalCode1>
      <ExternalCode2></ExternalCode2>
    </Terminal>
    <Operator>
      <Identification>1</Identification>
      <Description>Ericsoft</Description>
    </Operator>
    <IdentificationTerminal>1</IdentificationTerminal>
    <Identification>3122</Identification>
    <Date>2021-12-21T10:31:04Z</Date>
    <ManagementDate>2021-12-21T00:00:00Z</ManagementDate>
    <Number>90</Number>
    <ExternalCode1></ExternalCode1>
    <ExternalCode2></ExternalCode2>
    <ExternalCode3></ExternalCode3>
    <ExternalCode4></ExternalCode4>
    <ExternalCode5></ExternalCode5>
    <ExternalCode6></ExternalCode6>
    <ExternalCode7></ExternalCode7>
    <ExternalCode8></ExternalCode8>
    <NotCollectTax>N</NotCollectTax>
    <CurrencyIsoCode>EUR</CurrencyIsoCode>
    <BillingMethod>
      <Identification>2</Identification>
      <Code>FA</Code>
      <Description>Fattura</Description>
      <Features>
        <Feature>1</Feature>
      </Features>
    </BillingMethod>
    <AccountReceivable>
      <Identification>2</Identification>
      <Code>FA</Code>
      <Description>Fattura</Description>
      <ExternalCode></ExternalCode>
      <ExternalCode2></ExternalCode2>
      <CalculationType>0</CalculationType>
    </AccountReceivable>
    <Customer>
      <Identification>20547</Identification>
      <ExternalCode></ExternalCode>
      <ExternalCode2></ExternalCode2>
      <ProfileName>R&amp;B Consulting Srl</ProfileName>
      <Surname>R&amp;B Consulting Srl</Surname>
      <FirstName></FirstName>
      <VATCode>05744121210</VATCode>
      <RecipientCode>KRRH6B9</RecipientCode>
      <CertifiedMail></CertifiedMail>
      <CompanyRegNumber>05744121210</CompanyRegNumber>
      <Address>Via Crescenzio 25</Address>
      <City>
        <Identification>142104</Identification>
        <Description>ROMA</Description>
        <Zip>00193</Zip>
        <ExternalCode1>412058091</ExternalCode1>
        <ExternalCode2>412058091</ExternalCode2>
        <ExternalCode3>H501</ExternalCode3>
      </City>
      <County>
        <Identification>183</Identification>
        <Code>RM</Code>
        <Description>Roma</Description>
        <ExternalCode1></ExternalCode1>
        <ExternalCode2>135</ExternalCode2>
        <ExternalCode3></ExternalCode3>
      </County>
      <State>
        <Identification>38</Identification>
        <Code>LA</Code>
        <Description>Lazio</Description>
        <ExternalCode1></ExternalCode1>
        <ExternalCode2></ExternalCode2>
        <ExternalCode3></ExternalCode3>
      </State>
      <Country>
        <Identification>3780</Identification>
        <Code>IT</Code>
        <Description>Italia</Description>
        <ExternalCode1>100000100</ExternalCode1>
        <ExternalCode2>31</ExternalCode2>
        <ExternalCode3></ExternalCode3>
        <GroupCountry>
          <Identification>0</Identification>
          <Code></Code>
          <Description></Description>
          <ExternalCode1></ExternalCode1>
          <ExternalCode2></ExternalCode2>
          <ExternalCode3></ExternalCode3>
        </GroupCountry>
      </Country>
      <IDDocument>
        <Identification>0</Identification>
        <Code></Code>
        <ExternalCode></ExternalCode>
        <Description></Description>
        <Number></Number>
        <Date>1899-12-31</Date>
      </IDDocument>
    </Customer>
    <CreditNote>No</CreditNote>
    <DisplayOptions>
      <Option>PrenotatoPrenotante</Option>
      <Option>Retta</Option>
      <Option>MostraRetteRaggruppate</Option>
      <Option>PrezzoGiornaliero</Option>
      <Option>CastellettoTasse</Option>
      <Option>NonVisualizzareDettagliRiepilogo</Option>
      <Option>SchedeMultipleAccorpaSoggiorni</Option>
      <Option>Mancia</Option>
      <Option>SchedeMultipleSeparaAddebiti</Option>
      <Option>NonVisualizzarePrezzi</Option>
      <Option>RiclassificazioneLivelliRicavo</Option>
      <Option>ManciaIncassata</Option>
      <Option>NoteMovimentoCassa</Option>
      <Option>DataMovimentoCassa</Option>
      <Option>EliminaRigheVuote</Option>
      <Option>NoteDocumento</Option>
      <Option>NumeroCoperti_OBSOLETO</Option>
      <Option>NoteAggiuntiveTipiDocumento</Option>
    </DisplayOptions>
  </Head>
  <Charges>
    <Charge>
      <Identification>73473</Identification>
      <Date>2021-12-21T00:00:00Z</Date>
      <ManagementDate>2021-12-21T10:30:25Z</ManagementDate>
      <Workstation>
        <Identification>1</Identification>
        <Code>SRV</Code>
        <Name>Server</Name>
        <ExternalCode1></ExternalCode1>
        <ExternalCode2></ExternalCode2>
      </Workstation>
      <Description>Adesione membership Card VIP CLUB</Description>
      <MeasureUnit>
        <Id>0</Id>
        <Code></Code>
        <Description></Description>
        <ExternalCode></ExternalCode>
      </MeasureUnit>
      <ExcludeFromTheBill>No</ExcludeFromTheBill>
      <SplittedBillCharge>No</SplittedBillCharge>
      <SummarizedDocument>No</SummarizedDocument>
      <SummarizedDocumentData>
        <Identification>0</Identification>
        <Date></Date>
        <ManagementDate></ManagementDate>
        <Number>0</Number>
      </SummarizedDocumentData>
      <SummarizedDocumentBillingMethod>
        <Identification>0</Identification>
        <Code></Code>
        <Description></Description>
      </SummarizedDocumentBillingMethod>
      <SummarizedDocumentAccountReceivable>
        <Identification>0</Identification>
        <Code></Code>
        <Description></Description>
        <ExternalCode></ExternalCode>
        <ExternalCode2></ExternalCode2>
        <CalculationType></CalculationType>
      </SummarizedDocumentAccountReceivable>
      <OriginalDocumentData>
        <ChargeIdentification>0</ChargeIdentification>
        <Identification>0</Identification>
        <Date></Date>
        <ManagementDate></ManagementDate>
        <Number>0</Number>
      </OriginalDocumentData>
      <OriginalDocumentBillingMethod>
        <Identification>0</Identification>
        <Code></Code>
        <Description></Description>
      </OriginalDocumentBillingMethod>
      <OriginalDocumentAccountReceivable>
        <Identification>0</Identification>
        <Code></Code>
        <Description></Description>
        <ExternalCode></ExternalCode>
        <ExternalCode2></ExternalCode2>
        <CalculationType></CalculationType>
      </OriginalDocumentAccountReceivable>
      <UsedDownpaymentDocument>No</UsedDownpaymentDocument>
      <UsedDownpaymentDocumentData>
        <Identification>0</Identification>
        <Date></Date>
        <ManagementDate></ManagementDate>
        <Number>0</Number>
      </UsedDownpaymentDocumentData>
      <UsedDownpaymentDocumentBillingMethod>
        <Identification>0</Identification>
        <Code></Code>
        <Description></Description>
      </UsedDownpaymentDocumentBillingMethod>
      <UsedDownpaymentDocumentAccountReceivable>
        <Identification>0</Identification>
        <Code></Code>
        <Description></Description>
        <ExternalCode></ExternalCode>
        <ExternalCode2></ExternalCode2>
        <CalculationType></CalculationType>
      </UsedDownpaymentDocumentAccountReceivable>
      <Value>
        <Identification>18</Identification>
        <Code>EUR</Code>
        <Description>Euro</Description>
        <IsoCode>EUR</IsoCode>
        <Change>1.0000000000</Change>
      </Value>
      <Currency>
        <Identification>18</Identification>
        <Code>EUR</Code>
        <Description>Euro</Description>
        <IsoCode>EUR</IsoCode>
        <Change>1.0000000000</Change>
        <AmountCompanyCurrency>1500.00</AmountCompanyCurrency>
      </Currency>
      <ReservationId>0</ReservationId>
      <UnitPrice>1500.00</UnitPrice>
      <Quantity>1</Quantity>
      <Weight>0</Weight>
      <VAT>270.49</VAT>
      <VATRate>22.00</VATRate>
      <VATExternalCode></VATExternalCode>
      <VATExternalCode2></VATExternalCode2>
      <VATExternalCode3></VATExternalCode3>
      <VATDetail>
        <Identification>2</Identification>
        <Code>22</Code>
        <Description>22%</Description>
        <Rate>22.00</Rate>
        <ExternalCode1></ExternalCode1>
        <ExternalCode2></ExternalCode2>
        <ExternalCode3></ExternalCode3>
      </VATDetail>
      <ProductionValueDiscount>0.00</ProductionValueDiscount>
      <DocumentValueDiscount>0.00</DocumentValueDiscount>
      <TotalValueDiscount>0.00</TotalValueDiscount>
      <GrossTotal>1500.00</GrossTotal>
      <NetTotal>1229.51</NetTotal>
      <SellItemModifier>
        <Identification>0</Identification>
        <Code></Code>
        <Description></Description>
      </SellItemModifier>
      <SellItem>
        <Identification>4</Identification>
        <Code>4</Code>
        <Description>Telefono</Description>
        <ExternalCode></ExternalCode>
        <ExternalCode2></ExternalCode2>
      </SellItem>
      <RevenueLevel>
        <Identification>5</Identification>
        <Description>Servizi Vari</Description>
        <Code>SE</Code>
        <ExternalCode1></ExternalCode1>
        <ExternalCode2></ExternalCode2>
      </RevenueLevel>
      <SalesLevel>
        <Identification>0</Identification>
        <Code></Code>
        <Description></Description>
        <ExternalCode></ExternalCode>
        <ExternalCode2></ExternalCode2>
      </SalesLevel>
      <Changes />
      <Commissions />
      <Resource>
        <Identification>0</Identification>
        <Code></Code>
        <Description></Description>
        <ExternalCode1></ExternalCode1>
        <ExternalCode2></ExternalCode2>
      </Resource>
    </Charge>
  </Charges>
  <Body>
    <Line>
      <Quantity>1.00</Quantity>
      <Description>Adesione membership Card VIP CLUB</Description>
      <Price>1500.00</Price>
      <GrossPrice>1500.00</GrossPrice>
      <NetPrice>1229.51</NetPrice>
      <Total>1500.00</Total>
      <GrossTotal>1500.00</GrossTotal>
      <NetTotal>1229.51</NetTotal>
      <RoundingNetTotalVATExtraction>0.00</RoundingNetTotalVATExtraction>
      <VAT>22</VAT>
      <LineType>2</LineType>
      <VATDetail>
        <Identification>2</Identification>
        <Code>22</Code>
        <Description>22%</Description>
        <Rate>22.00</Rate>
        <ExternalCode1></ExternalCode1>
        <ExternalCode2></ExternalCode2>
        <ExternalCode3></ExternalCode3>
      </VATDetail>
      <SellItem>
        <Identification>4</Identification>
        <Code>4</Code>
        <Description>Telefono</Description>
        <Type>E</Type>
      </SellItem>
    </Line>
    <Line>
      <Quantity></Quantity>
      <Description></Description>
      <Price></Price>
      <GrossPrice></GrossPrice>
      <NetPrice></NetPrice>
      <Total></Total>
      <GrossTotal></GrossTotal>
      <NetTotal></NetTotal>
      <RoundingNetTotalVATExtraction></RoundingNetTotalVATExtraction>
      <VAT></VAT>
      <LineType>16</LineType>
      <VATDetail>
        <Identification></Identification>
        <Code></Code>
        <Description></Description>
        <Rate></Rate>
        <ExternalCode1></ExternalCode1>
        <ExternalCode2></ExternalCode2>
        <ExternalCode3></ExternalCode3>
      </VATDetail>
      <SellItem>
        <Identification></Identification>
        <Code></Code>
        <Description></Description>
        <Type></Type>
      </SellItem>
    </Line>
    <Line>
      <Quantity></Quantity>
      <Description>    1.500,00 PAGATE CON Bonifico Bancario</Description>
      <Price></Price>
      <GrossPrice></GrossPrice>
      <NetPrice></NetPrice>
      <Total></Total>
      <GrossTotal></GrossTotal>
      <NetTotal></NetTotal>
      <RoundingNetTotalVATExtraction></RoundingNetTotalVATExtraction>
      <VAT></VAT>
      <LineType>16</LineType>
      <VATDetail>
        <Identification></Identification>
        <Code></Code>
        <Description></Description>
        <Rate></Rate>
        <ExternalCode1></ExternalCode1>
        <ExternalCode2></ExternalCode2>
        <ExternalCode3></ExternalCode3>
      </VATDetail>
      <SellItem>
        <Identification></Identification>
        <Code></Code>
        <Description></Description>
        <Type></Type>
      </SellItem>
    </Line>
  </Body>
  <Totals>
    <Details>1500.00</Details>
    <CreditUsed>0.00</CreditUsed>
    <TransactionSummary>0.00</TransactionSummary>
    <Service>0.00</Service>
    <MealTicketExtraCharge>0.00</MealTicketExtraCharge>
    <ReturnedMealTicketToken>0.00</ReturnedMealTicketToken>
    <Offer>0.00</Offer>
    <AdditionalTaxes>0.00</AdditionalTaxes>
    <FidelityDiscount>0.00</FidelityDiscount>
    <SubTotal>1500.00</SubTotal>
    <PercentageDiscount>0.00</PercentageDiscount>
    <ValueDiscount>0.00</ValueDiscount>
    <NetTotalDiscount>0.00</NetTotalDiscount>
    <Commission>0.00</Commission>
    <TotalDue>1500.00</TotalDue>
    <TotalDocument>1500.00</TotalDocument>
    <CurrencyName>Euro</CurrencyName>
    <CurrencyChange>1</CurrencyChange>
    <CurrencySymbol>€</CurrencySymbol>
    <Taxes>
      <Tax>
        <Code>22</Code>
        <Description>22%</Description>
        <RateableValue>1229.51</RateableValue>
        <VATRate>22.00</VATRate>
        <VATExternalCode></VATExternalCode>
        <VATExternalCode2></VATExternalCode2>
        <VATExternalCode3></VATExternalCode3>
        <VAT>270.49</VAT>
        <Total>1500.00</Total>
        <RoundingNetTotalVATExtraction>0.00</RoundingNetTotalVATExtraction>
        <Currency>
          <Identification>18</Identification>
          <Code>EUR</Code>
          <Description>Euro</Description>
          <IsoCode>EUR</IsoCode>
          <Change>1.0000000000</Change>
        </Currency>
      </Tax>
    </Taxes>
    <Payments>
      <Payment>
        <Identification>4681</Identification>
        <Type>
          <Identification>11</Identification>
          <Code>BN</Code>
          <Description>Bonifico Bancario</Description>
          <ExternalCode></ExternalCode>
          <ExternalCode2></ExternalCode2>
          <Beneficiary></Beneficiary>
          <Bank></Bank>
          <Iban></Iban>
          <TypePaymentType>0</TypePaymentType>
        </Type>
        <Value>1500.00</Value>
        <CurrencyName>Euro</CurrencyName>
        <CurrencySymbol>€</CurrencySymbol>
        <CurrencyChange>1.00</CurrencyChange>
        <Note></Note>
        <Outstanding>No</Outstanding>
        <ExpiryDate></ExpiryDate>
        <CashedDate></CashedDate>
        <OutstandingHeading>
          <Identification>0</Identification>
          <ExternalCode></ExternalCode>
          <ExternalCode2></ExternalCode2>
          <ProfileName></ProfileName>
          <Surname></Surname>
          <FirstName></FirstName>
          <VATCode></VATCode>
          <RecipientCode></RecipientCode>
          <CertifiedMail></CertifiedMail>
          <CompanyRegNumber></CompanyRegNumber>
          <Address></Address>
          <City>
            <Identification>0</Identification>
            <Description></Description>
            <Zip></Zip>
            <ExternalCode1></ExternalCode1>
            <ExternalCode2></ExternalCode2>
            <ExternalCode3></ExternalCode3>
          </City>
          <County>
            <Identification>0</Identification>
            <Code></Code>
            <Description></Description>
            <ExternalCode1></ExternalCode1>
            <ExternalCode2></ExternalCode2>
            <ExternalCode3></ExternalCode3>
          </County>
          <State>
            <Identification>0</Identification>
            <Code></Code>
            <Description></Description>
            <ExternalCode1></ExternalCode1>
            <ExternalCode2></ExternalCode2>
            <ExternalCode3></ExternalCode3>
          </State>
          <Country>
            <Identification>0</Identification>
            <Code></Code>
            <Description></Description>
            <ExternalCode1></ExternalCode1>
            <ExternalCode2></ExternalCode2>
            <ExternalCode3></ExternalCode3>
            <GroupCountry>
              <Identification>0</Identification>
              <Code></Code>
              <Description></Description>
              <ExternalCode1></ExternalCode1>
              <ExternalCode2></ExternalCode2>
              <ExternalCode3></ExternalCode3>
            </GroupCountry>
          </Country>
          <IDDocument>
            <Identification>0</Identification>
            <Code></Code>
            <ExternalCode></ExternalCode>
            <Description></Description>
            <Number></Number>
            <Date>1899-12-31</Date>
          </IDDocument>
        </OutstandingHeading>
      </Payment>
    </Payments>
  </Totals>
  <SummarizedDocuments></SummarizedDocuments>
  <Reservations></Reservations>
  <Attachments></Attachments>
</Bill>