<Bill>
  <FileInformation>
    <Type>DOC</Type>
    <Version>13</Version>
    <ExportDate>2021-07-28T01:05:43Z</ExportDate>
    <Cancellation>No</Cancellation>
    <Seller>
      <Identification>1</Identification>
      <Description>Azienda 0001</Description>
      <ProfileName>Caprismile S.r.l.</ProfileName>
      <VATCode>07091911219</VATCode>
      <CompanyRegNumber>07091911219</CompanyRegNumber>
      <Address>Via Madre Serafina, 6/11</Address>
      <City>Capri</City>
      <Zip>80073</Zip>
      <County>NA</County>
      <Country>Italia</Country>
      <Telephone>0812552131</Telephone>
      <Email>info@ristorantemamma.it</Email>
      <Fax></Fax>
    </Seller>
  </FileInformation>
  <Head>
    <Terminal>
      <Identification>1</Identification>
      <Description>Postazione 0001</Description>
      <ExternalCode1></ExternalCode1>
      <ExternalCode2></ExternalCode2>
    </Terminal>
    <IdentificationTerminal>1</IdentificationTerminal>
    <Identification>33035</Identification>
    <Date>2021-07-28T01:05:29Z</Date>
    <ManagementDate>2021-07-27T00:00:00Z</ManagementDate>
    <Number>29</Number>
    <ExternalCode1></ExternalCode1>
    <ExternalCode2></ExternalCode2>
    <ExternalCode3></ExternalCode3>
    <ExternalCode4></ExternalCode4>
    <ExternalCode5></ExternalCode5>
    <ExternalCode6></ExternalCode6>
    <ExternalCode7></ExternalCode7>
    <ExternalCode8></ExternalCode8>
    <NotCollectTax>N</NotCollectTax>
    <CurrencyIsoCode>EUR</CurrencyIsoCode>
    <BillingMethod>
      <Identification>3</Identification>
      <Code>F</Code>
      <Description>Fattura</Description>
      <Features>
        <Feature>1</Feature>
      </Features>
    </BillingMethod>
    <AccountReceivable>
      <Identification>3</Identification>
      <Code>F</Code>
      <Description>Fattura</Description>
      <ExternalCode></ExternalCode>
      <ExternalCode2></ExternalCode2>
      <CalculationType>0</CalculationType>
    </AccountReceivable>
    <Customer>
      <Identification>25026</Identification>
      <ExternalCode></ExternalCode>
      <ExternalCode2></ExternalCode2>
      <ProfileName>RB CONSULTING SRL</ProfileName>
      <Surname>RB CONSULTING</Surname>
      <FirstName>SRL</FirstName>
      <VATCode>05744121210</VATCode>
      <RecipientCode>KRRH6B9</RecipientCode>
      <CertifiedMail></CertifiedMail>
      <CompanyRegNumber>05744121210</CompanyRegNumber>
      <Address>VIA CRESCENZIO 25</Address>
      <City>
        <Identification>55076</Identification>
        <Description>ROMA</Description>
        <Zip>00164</Zip>
        <ExternalCode1>058091</ExternalCode1>
        <ExternalCode2></ExternalCode2>
        <ExternalCode3></ExternalCode3>
      </City>
      <County>
        <Identification>78</Identification>
        <Code>RM</Code>
        <Description>Roma</Description>
        <ExternalCode1></ExternalCode1>
        <ExternalCode2></ExternalCode2>
        <ExternalCode3></ExternalCode3>
      </County>
      <State>
        <Identification>17</Identification>
        <Code>LA</Code>
        <Description>Lazio</Description>
        <ExternalCode1></ExternalCode1>
        <ExternalCode2></ExternalCode2>
        <ExternalCode3></ExternalCode3>
      </State>
      <Country>
        <Identification>1</Identification>
        <Code>IT</Code>
        <Description>Italia</Description>
        <ExternalCode1>100</ExternalCode1>
        <ExternalCode2>099</ExternalCode2>
        <ExternalCode3></ExternalCode3>
        <GroupCountry>
          <Identification>0</Identification>
          <Code></Code>
          <Description></Description>
          <ExternalCode1></ExternalCode1>
          <ExternalCode2></ExternalCode2>
          <ExternalCode3></ExternalCode3>
        </GroupCountry>
      </Country>
      <IDDocument>
        <Identification>0</Identification>
        <Code></Code>
        <ExternalCode></ExternalCode>
        <Description></Description>
        <Number></Number>
        <Date>1899-12-31</Date>
      </IDDocument>
    </Customer>
    <CreditNote>No</CreditNote>
    <DisplayOptions>
      <Option>Risorsa</Option>
      <Option>CastellettoTasse</Option>
      <Option>RiclassificazioneLivelliRicavo</Option>
      <Option>DataMovimentoCassa</Option>
      <Option>PeriodoSoggiorno</Option>
      <Option>NoteDocumento</Option>
    </DisplayOptions>
  </Head>
  <Charges>
    <Charge>
      <Identification>388224</Identification>
      <Date>2021-07-27T00:00:00Z</Date>
      <ManagementDate>2021-07-27T23:53:59Z</ManagementDate>
      <Workstation>
        <Identification>1</Identification>
        <Code>P0001</Code>
        <Name>Postazione 0001</Name>
        <ExternalCode1></ExternalCode1>
        <ExternalCode2></ExternalCode2>
      </Workstation>
      <Description>Persone</Description>
      <ExcludeFromTheBill>No</ExcludeFromTheBill>
      <SplittedBillCharge>No</SplittedBillCharge>
      <SummarizedDocument>No</SummarizedDocument>
      <SummarizedDocumentData>
        <Identification>0</Identification>
        <Date></Date>
        <ManagementDate></ManagementDate>
        <Number>0</Number>
      </SummarizedDocumentData>
      <SummarizedDocumentBillingMethod>
        <Identification>0</Identification>
        <Code></Code>
        <Description></Description>
      </SummarizedDocumentBillingMethod>
      <SummarizedDocumentAccountReceivable>
        <Identification>0</Identification>
        <Code></Code>
        <Description></Description>
        <ExternalCode></ExternalCode>
        <ExternalCode2></ExternalCode2>
        <CalculationType></CalculationType>
      </SummarizedDocumentAccountReceivable>
      <OriginalDocumentData>
        <ChargeIdentification>0</ChargeIdentification>
        <Identification>0</Identification>
        <Date></Date>
        <ManagementDate></ManagementDate>
        <Number>0</Number>
      </OriginalDocumentData>
      <OriginalDocumentBillingMethod>
        <Identification>0</Identification>
        <Code></Code>
        <Description></Description>
      </OriginalDocumentBillingMethod>
      <OriginalDocumentAccountReceivable>
        <Identification>0</Identification>
        <Code></Code>
        <Description></Description>
        <ExternalCode></ExternalCode>
        <ExternalCode2></ExternalCode2>
        <CalculationType></CalculationType>
      </OriginalDocumentAccountReceivable>
      <UsedDownpaymentDocument>No</UsedDownpaymentDocument>
      <UsedDownpaymentDocumentData>
        <Identification>0</Identification>
        <Date></Date>
        <ManagementDate></ManagementDate>
        <Number>0</Number>
      </UsedDownpaymentDocumentData>
      <UsedDownpaymentDocumentBillingMethod>
        <Identification>0</Identification>
        <Code></Code>
        <Description></Description>
      </UsedDownpaymentDocumentBillingMethod>
      <UsedDownpaymentDocumentAccountReceivable>
        <Identification>0</Identification>
        <Code></Code>
        <Description></Description>
        <ExternalCode></ExternalCode>
        <ExternalCode2></ExternalCode2>
        <CalculationType></CalculationType>
      </UsedDownpaymentDocumentAccountReceivable>
      <Value>
        <Identification>2</Identification>
        <Code>EUR</Code>
        <Description>Euro</Description>
        <IsoCode>EUR</IsoCode>
        <Change>1.0000000000</Change>
      </Value>
      <Currency>
        <Identification>2</Identification>
        <Code>EUR</Code>
        <Description>Euro</Description>
        <IsoCode>EUR</IsoCode>
        <Change>1.0000000000</Change>
        <AmountCompanyCurrency>0.00</AmountCompanyCurrency>
      </Currency>
      <UnitPrice>0.00</UnitPrice>
      <Quantity>3</Quantity>
      <Weight>0</Weight>
      <VAT>0.00</VAT>
      <VATRate>10.00</VATRate>
      <VATExternalCode></VATExternalCode>
      <VATExternalCode2></VATExternalCode2>
      <VATExternalCode3></VATExternalCode3>
      <VATDetail>
        <Identification>1</Identification>
        <Code>10</Code>
        <Description>10%</Description>
        <Rate>10.00</Rate>
        <ExternalCode1></ExternalCode1>
        <ExternalCode2></ExternalCode2>
        <ExternalCode3></ExternalCode3>
      </VATDetail>
      <ProductionValueDiscount>0.00</ProductionValueDiscount>
      <DocumentValueDiscount>0.00</DocumentValueDiscount>
      <TotalValueDiscount>0.00</TotalValueDiscount>
      <GrossTotal>0.00</GrossTotal>
      <NetTotal>0.00</NetTotal>
      <SellItemModifier>
        <Identification>0</Identification>
        <Code></Code>
        <Description></Description>
      </SellItemModifier>
      <SellItem>
        <Identification>422</Identification>
        <Code>421</Code>
        <Description>Persone</Description>
        <ExternalCode></ExternalCode>
        <ExternalCode2></ExternalCode2>
      </SellItem>
      <SalesLevel>
        <Identification>0</Identification>
        <Code></Code>
        <Description></Description>
        <ExternalCode></ExternalCode>
        <ExternalCode2></ExternalCode2>
      </SalesLevel>
      <Changes />
      <Commissions />
      <Resource>
        <Identification>41</Identification>
        <Code>224</Code>
        <Description>30</Description>
        <ExternalCode1></ExternalCode1>
        <ExternalCode2></ExternalCode2>
      </Resource>
    </Charge>
    <Charge>
      <Identification>388226</Identification>
      <Date>2021-07-27T00:00:00Z</Date>
      <ManagementDate>2021-07-27T23:54:10Z</ManagementDate>
      <Workstation>
        <Identification>1</Identification>
        <Code>P0001</Code>
        <Name>Postazione 0001</Name>
        <ExternalCode1></ExternalCode1>
        <ExternalCode2></ExternalCode2>
      </Workstation>
      <Description>CRUDO DI PESCE AL PROFUMO DAGLI AGRUMI DELLA COSTIERA</Description>
      <ExcludeFromTheBill>No</ExcludeFromTheBill>
      <SplittedBillCharge>No</SplittedBillCharge>
      <SummarizedDocument>No</SummarizedDocument>
      <SummarizedDocumentData>
        <Identification>0</Identification>
        <Date></Date>
        <ManagementDate></ManagementDate>
        <Number>0</Number>
      </SummarizedDocumentData>
      <SummarizedDocumentBillingMethod>
        <Identification>0</Identification>
        <Code></Code>
        <Description></Description>
      </SummarizedDocumentBillingMethod>
      <SummarizedDocumentAccountReceivable>
        <Identification>0</Identification>
        <Code></Code>
        <Description></Description>
        <ExternalCode></ExternalCode>
        <ExternalCode2></ExternalCode2>
        <CalculationType></CalculationType>
      </SummarizedDocumentAccountReceivable>
      <OriginalDocumentData>
        <ChargeIdentification>0</ChargeIdentification>
        <Identification>0</Identification>
        <Date></Date>
        <ManagementDate></ManagementDate>
        <Number>0</Number>
      </OriginalDocumentData>
      <OriginalDocumentBillingMethod>
        <Identification>0</Identification>
        <Code></Code>
        <Description></Description>
      </OriginalDocumentBillingMethod>
      <OriginalDocumentAccountReceivable>
        <Identification>0</Identification>
        <Code></Code>
        <Description></Description>
        <ExternalCode></ExternalCode>
        <ExternalCode2></ExternalCode2>
        <CalculationType></CalculationType>
      </OriginalDocumentAccountReceivable>
      <UsedDownpaymentDocument>No</UsedDownpaymentDocument>
      <UsedDownpaymentDocumentData>
        <Identification>0</Identification>
        <Date></Date>
        <ManagementDate></ManagementDate>
        <Number>0</Number>
      </UsedDownpaymentDocumentData>
      <UsedDownpaymentDocumentBillingMethod>
        <Identification>0</Identification>
        <Code></Code>
        <Description></Description>
      </UsedDownpaymentDocumentBillingMethod>
      <UsedDownpaymentDocumentAccountReceivable>
        <Identification>0</Identification>
        <Code></Code>
        <Description></Description>
        <ExternalCode></ExternalCode>
        <ExternalCode2></ExternalCode2>
        <CalculationType></CalculationType>
      </UsedDownpaymentDocumentAccountReceivable>
      <Value>
        <Identification>2</Identification>
        <Code>EUR</Code>
        <Description>Euro</Description>
        <IsoCode>EUR</IsoCode>
        <Change>1.0000000000</Change>
      </Value>
      <Currency>
        <Identification>2</Identification>
        <Code>EUR</Code>
        <Description>Euro</Description>
        <IsoCode>EUR</IsoCode>
        <Change>1.0000000000</Change>
        <AmountCompanyCurrency>40.50</AmountCompanyCurrency>
      </Currency>
      <UnitPrice>45.00</UnitPrice>
      <Quantity>1</Quantity>
      <Weight>0</Weight>
      <VAT>3.68</VAT>
      <VATRate>10.00</VATRate>
      <VATExternalCode></VATExternalCode>
      <VATExternalCode2></VATExternalCode2>
      <VATExternalCode3></VATExternalCode3>
      <VATDetail>
        <Identification>1</Identification>
        <Code>10</Code>
        <Description>10%</Description>
        <Rate>10.00</Rate>
        <ExternalCode1></ExternalCode1>
        <ExternalCode2></ExternalCode2>
        <ExternalCode3></ExternalCode3>
      </VATDetail>
      <ProductionValueDiscount>0.00</ProductionValueDiscount>
      <DocumentValueDiscount>-4.50</DocumentValueDiscount>
      <TotalValueDiscount>-4.50</TotalValueDiscount>
      <GrossTotal>40.50</GrossTotal>
      <NetTotal>36.82</NetTotal>
      <SellItemModifier>
        <Identification>0</Identification>
        <Code></Code>
        <Description></Description>
      </SellItemModifier>
      <SellItem>
        <Identification>2709</Identification>
        <Code>2687</Code>
        <Description>CRUDO DI PESCE AL PROFUMO DAGLI AGRUMI DELLA COSTIERA</Description>
        <ExternalCode></ExternalCode>
        <ExternalCode2></ExternalCode2>
      </SellItem>
      <SalesLevel>
        <Identification>0</Identification>
        <Code></Code>
        <Description></Description>
        <ExternalCode></ExternalCode>
        <ExternalCode2></ExternalCode2>
      </SalesLevel>
      <Changes />
      <Commissions />
      <Resource>
        <Identification>41</Identification>
        <Code>224</Code>
        <Description>30</Description>
        <ExternalCode1></ExternalCode1>
        <ExternalCode2></ExternalCode2>
      </Resource>
    </Charge>
    <Charge>
      <Identification>388227</Identification>
      <Date>2021-07-27T00:00:00Z</Date>
      <ManagementDate>2021-07-27T23:54:29Z</ManagementDate>
      <Workstation>
        <Identification>1</Identification>
        <Code>P0001</Code>
        <Name>Postazione 0001</Name>
        <ExternalCode1></ExternalCode1>
        <ExternalCode2></ExternalCode2>
      </Workstation>
      <Description>PESCATO DEL GIORNO [1,8KG]</Description>
      <ExcludeFromTheBill>No</ExcludeFromTheBill>
      <SplittedBillCharge>No</SplittedBillCharge>
      <SummarizedDocument>No</SummarizedDocument>
      <SummarizedDocumentData>
        <Identification>0</Identification>
        <Date></Date>
        <ManagementDate></ManagementDate>
        <Number>0</Number>
      </SummarizedDocumentData>
      <SummarizedDocumentBillingMethod>
        <Identification>0</Identification>
        <Code></Code>
        <Description></Description>
      </SummarizedDocumentBillingMethod>
      <SummarizedDocumentAccountReceivable>
        <Identification>0</Identification>
        <Code></Code>
        <Description></Description>
        <ExternalCode></ExternalCode>
        <ExternalCode2></ExternalCode2>
        <CalculationType></CalculationType>
      </SummarizedDocumentAccountReceivable>
      <OriginalDocumentData>
        <ChargeIdentification>0</ChargeIdentification>
        <Identification>0</Identification>
        <Date></Date>
        <ManagementDate></ManagementDate>
        <Number>0</Number>
      </OriginalDocumentData>
      <OriginalDocumentBillingMethod>
        <Identification>0</Identification>
        <Code></Code>
        <Description></Description>
      </OriginalDocumentBillingMethod>
      <OriginalDocumentAccountReceivable>
        <Identification>0</Identification>
        <Code></Code>
        <Description></Description>
        <ExternalCode></ExternalCode>
        <ExternalCode2></ExternalCode2>
        <CalculationType></CalculationType>
      </OriginalDocumentAccountReceivable>
      <UsedDownpaymentDocument>No</UsedDownpaymentDocument>
      <UsedDownpaymentDocumentData>
        <Identification>0</Identification>
        <Date></Date>
        <ManagementDate></ManagementDate>
        <Number>0</Number>
      </UsedDownpaymentDocumentData>
      <UsedDownpaymentDocumentBillingMethod>
        <Identification>0</Identification>
        <Code></Code>
        <Description></Description>
      </UsedDownpaymentDocumentBillingMethod>
      <UsedDownpaymentDocumentAccountReceivable>
        <Identification>0</Identification>
        <Code></Code>
        <Description></Description>
        <ExternalCode></ExternalCode>
        <ExternalCode2></ExternalCode2>
        <CalculationType></CalculationType>
      </UsedDownpaymentDocumentAccountReceivable>
      <Value>
        <Identification>2</Identification>
        <Code>EUR</Code>
        <Description>Euro</Description>
        <IsoCode>EUR</IsoCode>
        <Change>1.0000000000</Change>
      </Value>
      <Currency>
        <Identification>2</Identification>
        <Code>EUR</Code>
        <Description>Euro</Description>
        <IsoCode>EUR</IsoCode>
        <Change>1.0000000000</Change>
        <AmountCompanyCurrency>194.40</AmountCompanyCurrency>
      </Currency>
      <UnitPrice>216.00</UnitPrice>
      <Quantity>1</Quantity>
      <Weight>1,8</Weight>
      <VAT>17.67</VAT>
      <VATRate>10.00</VATRate>
      <VATExternalCode></VATExternalCode>
      <VATExternalCode2></VATExternalCode2>
      <VATExternalCode3></VATExternalCode3>
      <VATDetail>
        <Identification>1</Identification>
        <Code>10</Code>
        <Description>10%</Description>
        <Rate>10.00</Rate>
        <ExternalCode1></ExternalCode1>
        <ExternalCode2></ExternalCode2>
        <ExternalCode3></ExternalCode3>
      </VATDetail>
      <ProductionValueDiscount>0.00</ProductionValueDiscount>
      <DocumentValueDiscount>-21.60</DocumentValueDiscount>
      <TotalValueDiscount>-21.60</TotalValueDiscount>
      <GrossTotal>194.40</GrossTotal>
      <NetTotal>176.73</NetTotal>
      <SellItemModifier>
        <Identification>0</Identification>
        <Code></Code>
        <Description></Description>
      </SellItemModifier>
      <SellItem>
        <Identification>1861</Identification>
        <Code>1849</Code>
        <Description>PESCATO DEL GIORNO</Description>
        <ExternalCode></ExternalCode>
        <ExternalCode2></ExternalCode2>
      </SellItem>
      <SalesLevel>
        <Identification>0</Identification>
        <Code></Code>
        <Description></Description>
        <ExternalCode></ExternalCode>
        <ExternalCode2></ExternalCode2>
      </SalesLevel>
      <Changes />
      <Commissions />
      <Resource>
        <Identification>41</Identification>
        <Code>224</Code>
        <Description>30</Description>
        <ExternalCode1></ExternalCode1>
        <ExternalCode2></ExternalCode2>
      </Resource>
    </Charge>
    <Charge>
      <Identification>388240</Identification>
      <Date>2021-07-28T00:00:00Z</Date>
      <ManagementDate>2021-07-27T00:20:51Z</ManagementDate>
      <Workstation>
        <Identification>1</Identification>
        <Code>P0001</Code>
        <Name>Postazione 0001</Name>
        <ExternalCode1></ExternalCode1>
        <ExternalCode2></ExternalCode2>
      </Workstation>
      <Description>219 MARISA CUOMO</Description>
      <ExcludeFromTheBill>No</ExcludeFromTheBill>
      <SplittedBillCharge>No</SplittedBillCharge>
      <SummarizedDocument>No</SummarizedDocument>
      <SummarizedDocumentData>
        <Identification>0</Identification>
        <Date></Date>
        <ManagementDate></ManagementDate>
        <Number>0</Number>
      </SummarizedDocumentData>
      <SummarizedDocumentBillingMethod>
        <Identification>0</Identification>
        <Code></Code>
        <Description></Description>
      </SummarizedDocumentBillingMethod>
      <SummarizedDocumentAccountReceivable>
        <Identification>0</Identification>
        <Code></Code>
        <Description></Description>
        <ExternalCode></ExternalCode>
        <ExternalCode2></ExternalCode2>
        <CalculationType></CalculationType>
      </SummarizedDocumentAccountReceivable>
      <OriginalDocumentData>
        <ChargeIdentification>0</ChargeIdentification>
        <Identification>0</Identification>
        <Date></Date>
        <ManagementDate></ManagementDate>
        <Number>0</Number>
      </OriginalDocumentData>
      <OriginalDocumentBillingMethod>
        <Identification>0</Identification>
        <Code></Code>
        <Description></Description>
      </OriginalDocumentBillingMethod>
      <OriginalDocumentAccountReceivable>
        <Identification>0</Identification>
        <Code></Code>
        <Description></Description>
        <ExternalCode></ExternalCode>
        <ExternalCode2></ExternalCode2>
        <CalculationType></CalculationType>
      </OriginalDocumentAccountReceivable>
      <UsedDownpaymentDocument>No</UsedDownpaymentDocument>
      <UsedDownpaymentDocumentData>
        <Identification>0</Identification>
        <Date></Date>
        <ManagementDate></ManagementDate>
        <Number>0</Number>
      </UsedDownpaymentDocumentData>
      <UsedDownpaymentDocumentBillingMethod>
        <Identification>0</Identification>
        <Code></Code>
        <Description></Description>
      </UsedDownpaymentDocumentBillingMethod>
      <UsedDownpaymentDocumentAccountReceivable>
        <Identification>0</Identification>
        <Code></Code>
        <Description></Description>
        <ExternalCode></ExternalCode>
        <ExternalCode2></ExternalCode2>
        <CalculationType></CalculationType>
      </UsedDownpaymentDocumentAccountReceivable>
      <Value>
        <Identification>2</Identification>
        <Code>EUR</Code>
        <Description>Euro</Description>
        <IsoCode>EUR</IsoCode>
        <Change>1.0000000000</Change>
      </Value>
      <Currency>
        <Identification>2</Identification>
        <Code>EUR</Code>
        <Description>Euro</Description>
        <IsoCode>EUR</IsoCode>
        <Change>1.0000000000</Change>
        <AmountCompanyCurrency>99.00</AmountCompanyCurrency>
      </Currency>
      <UnitPrice>110.00</UnitPrice>
      <Quantity>1</Quantity>
      <Weight>0</Weight>
      <VAT>9.00</VAT>
      <VATRate>10.00</VATRate>
      <VATExternalCode></VATExternalCode>
      <VATExternalCode2></VATExternalCode2>
      <VATExternalCode3></VATExternalCode3>
      <VATDetail>
        <Identification>1</Identification>
        <Code>10</Code>
        <Description>10%</Description>
        <Rate>10.00</Rate>
        <ExternalCode1></ExternalCode1>
        <ExternalCode2></ExternalCode2>
        <ExternalCode3></ExternalCode3>
      </VATDetail>
      <ProductionValueDiscount>0.00</ProductionValueDiscount>
      <DocumentValueDiscount>-11.00</DocumentValueDiscount>
      <TotalValueDiscount>-11.00</TotalValueDiscount>
      <GrossTotal>99.00</GrossTotal>
      <NetTotal>90.00</NetTotal>
      <SellItemModifier>
        <Identification>0</Identification>
        <Code></Code>
        <Description></Description>
      </SellItemModifier>
      <SellItem>
        <Identification>2688</Identification>
        <Code>2666</Code>
        <Description>2169 FIANO VILLA RAIANO</Description>
        <ExternalCode></ExternalCode>
        <ExternalCode2></ExternalCode2>
      </SellItem>
      <SalesLevel>
        <Identification>0</Identification>
        <Code></Code>
        <Description></Description>
        <ExternalCode></ExternalCode>
        <ExternalCode2></ExternalCode2>
      </SalesLevel>
      <Changes />
      <Commissions />
      <Resource>
        <Identification>41</Identification>
        <Code>224</Code>
        <Description>30</Description>
        <ExternalCode1></ExternalCode1>
        <ExternalCode2></ExternalCode2>
      </Resource>
    </Charge>
    <Charge>
      <Identification>388241</Identification>
      <Date>2021-07-28T00:00:00Z</Date>
      <ManagementDate>2021-07-27T00:21:25Z</ManagementDate>
      <Workstation>
        <Identification>1</Identification>
        <Code>P0001</Code>
        <Name>Postazione 0001</Name>
        <ExternalCode1></ExternalCode1>
        <ExternalCode2></ExternalCode2>
      </Workstation>
      <Description>ACQUA SAN PELLEGRINO</Description>
      <ExcludeFromTheBill>No</ExcludeFromTheBill>
      <SplittedBillCharge>No</SplittedBillCharge>
      <SummarizedDocument>No</SummarizedDocument>
      <SummarizedDocumentData>
        <Identification>0</Identification>
        <Date></Date>
        <ManagementDate></ManagementDate>
        <Number>0</Number>
      </SummarizedDocumentData>
      <SummarizedDocumentBillingMethod>
        <Identification>0</Identification>
        <Code></Code>
        <Description></Description>
      </SummarizedDocumentBillingMethod>
      <SummarizedDocumentAccountReceivable>
        <Identification>0</Identification>
        <Code></Code>
        <Description></Description>
        <ExternalCode></ExternalCode>
        <ExternalCode2></ExternalCode2>
        <CalculationType></CalculationType>
      </SummarizedDocumentAccountReceivable>
      <OriginalDocumentData>
        <ChargeIdentification>0</ChargeIdentification>
        <Identification>0</Identification>
        <Date></Date>
        <ManagementDate></ManagementDate>
        <Number>0</Number>
      </OriginalDocumentData>
      <OriginalDocumentBillingMethod>
        <Identification>0</Identification>
        <Code></Code>
        <Description></Description>
      </OriginalDocumentBillingMethod>
      <OriginalDocumentAccountReceivable>
        <Identification>0</Identification>
        <Code></Code>
        <Description></Description>
        <ExternalCode></ExternalCode>
        <ExternalCode2></ExternalCode2>
        <CalculationType></CalculationType>
      </OriginalDocumentAccountReceivable>
      <UsedDownpaymentDocument>No</UsedDownpaymentDocument>
      <UsedDownpaymentDocumentData>
        <Identification>0</Identification>
        <Date></Date>
        <ManagementDate></ManagementDate>
        <Number>0</Number>
      </UsedDownpaymentDocumentData>
      <UsedDownpaymentDocumentBillingMethod>
        <Identification>0</Identification>
        <Code></Code>
        <Description></Description>
      </UsedDownpaymentDocumentBillingMethod>
      <UsedDownpaymentDocumentAccountReceivable>
        <Identification>0</Identification>
        <Code></Code>
        <Description></Description>
        <ExternalCode></ExternalCode>
        <ExternalCode2></ExternalCode2>
        <CalculationType></CalculationType>
      </UsedDownpaymentDocumentAccountReceivable>
      <Value>
        <Identification>2</Identification>
        <Code>EUR</Code>
        <Description>Euro</Description>
        <IsoCode>EUR</IsoCode>
        <Change>1.0000000000</Change>
      </Value>
      <Currency>
        <Identification>2</Identification>
        <Code>EUR</Code>
        <Description>Euro</Description>
        <IsoCode>EUR</IsoCode>
        <Change>1.0000000000</Change>
        <AmountCompanyCurrency>5.40</AmountCompanyCurrency>
      </Currency>
      <UnitPrice>6.00</UnitPrice>
      <Quantity>1</Quantity>
      <Weight>0</Weight>
      <VAT>0.49</VAT>
      <VATRate>10.00</VATRate>
      <VATExternalCode></VATExternalCode>
      <VATExternalCode2></VATExternalCode2>
      <VATExternalCode3></VATExternalCode3>
      <VATDetail>
        <Identification>1</Identification>
        <Code>10</Code>
        <Description>10%</Description>
        <Rate>10.00</Rate>
        <ExternalCode1></ExternalCode1>
        <ExternalCode2></ExternalCode2>
        <ExternalCode3></ExternalCode3>
      </VATDetail>
      <ProductionValueDiscount>0.00</ProductionValueDiscount>
      <DocumentValueDiscount>-0.60</DocumentValueDiscount>
      <TotalValueDiscount>-0.60</TotalValueDiscount>
      <GrossTotal>5.40</GrossTotal>
      <NetTotal>4.91</NetTotal>
      <SellItemModifier>
        <Identification>0</Identification>
        <Code></Code>
        <Description></Description>
      </SellItemModifier>
      <SellItem>
        <Identification>1901</Identification>
        <Code>1888</Code>
        <Description>ACQUA SAN PELLEGRINO</Description>
        <ExternalCode></ExternalCode>
        <ExternalCode2></ExternalCode2>
      </SellItem>
      <SalesLevel>
        <Identification>0</Identification>
        <Code></Code>
        <Description></Description>
        <ExternalCode></ExternalCode>
        <ExternalCode2></ExternalCode2>
      </SalesLevel>
      <Changes />
      <Commissions />
      <Resource>
        <Identification>41</Identification>
        <Code>224</Code>
        <Description>30</Description>
        <ExternalCode1></ExternalCode1>
        <ExternalCode2></ExternalCode2>
      </Resource>
    </Charge>
    <Charge>
      <Identification>388242</Identification>
      <Date>2021-07-28T00:00:00Z</Date>
      <ManagementDate>2021-07-27T00:21:25Z</ManagementDate>
      <Workstation>
        <Identification>1</Identification>
        <Code>P0001</Code>
        <Name>Postazione 0001</Name>
        <ExternalCode1></ExternalCode1>
        <ExternalCode2></ExternalCode2>
      </Workstation>
      <Description>ACQUA NATIA</Description>
      <ExcludeFromTheBill>No</ExcludeFromTheBill>
      <SplittedBillCharge>No</SplittedBillCharge>
      <SummarizedDocument>No</SummarizedDocument>
      <SummarizedDocumentData>
        <Identification>0</Identification>
        <Date></Date>
        <ManagementDate></ManagementDate>
        <Number>0</Number>
      </SummarizedDocumentData>
      <SummarizedDocumentBillingMethod>
        <Identification>0</Identification>
        <Code></Code>
        <Description></Description>
      </SummarizedDocumentBillingMethod>
      <SummarizedDocumentAccountReceivable>
        <Identification>0</Identification>
        <Code></Code>
        <Description></Description>
        <ExternalCode></ExternalCode>
        <ExternalCode2></ExternalCode2>
        <CalculationType></CalculationType>
      </SummarizedDocumentAccountReceivable>
      <OriginalDocumentData>
        <ChargeIdentification>0</ChargeIdentification>
        <Identification>0</Identification>
        <Date></Date>
        <ManagementDate></ManagementDate>
        <Number>0</Number>
      </OriginalDocumentData>
      <OriginalDocumentBillingMethod>
        <Identification>0</Identification>
        <Code></Code>
        <Description></Description>
      </OriginalDocumentBillingMethod>
      <OriginalDocumentAccountReceivable>
        <Identification>0</Identification>
        <Code></Code>
        <Description></Description>
        <ExternalCode></ExternalCode>
        <ExternalCode2></ExternalCode2>
        <CalculationType></CalculationType>
      </OriginalDocumentAccountReceivable>
      <UsedDownpaymentDocument>No</UsedDownpaymentDocument>
      <UsedDownpaymentDocumentData>
        <Identification>0</Identification>
        <Date></Date>
        <ManagementDate></ManagementDate>
        <Number>0</Number>
      </UsedDownpaymentDocumentData>
      <UsedDownpaymentDocumentBillingMethod>
        <Identification>0</Identification>
        <Code></Code>
        <Description></Description>
      </UsedDownpaymentDocumentBillingMethod>
      <UsedDownpaymentDocumentAccountReceivable>
        <Identification>0</Identification>
        <Code></Code>
        <Description></Description>
        <ExternalCode></ExternalCode>
        <ExternalCode2></ExternalCode2>
        <CalculationType></CalculationType>
      </UsedDownpaymentDocumentAccountReceivable>
      <Value>
        <Identification>2</Identification>
        <Code>EUR</Code>
        <Description>Euro</Description>
        <IsoCode>EUR</IsoCode>
        <Change>1.0000000000</Change>
      </Value>
      <Currency>
        <Identification>2</Identification>
        <Code>EUR</Code>
        <Description>Euro</Description>
        <IsoCode>EUR</IsoCode>
        <Change>1.0000000000</Change>
        <AmountCompanyCurrency>10.80</AmountCompanyCurrency>
      </Currency>
      <UnitPrice>6.00</UnitPrice>
      <Quantity>2</Quantity>
      <Weight>0</Weight>
      <VAT>0.98</VAT>
      <VATRate>10.00</VATRate>
      <VATExternalCode></VATExternalCode>
      <VATExternalCode2></VATExternalCode2>
      <VATExternalCode3></VATExternalCode3>
      <VATDetail>
        <Identification>1</Identification>
        <Code>10</Code>
        <Description>10%</Description>
        <Rate>10.00</Rate>
        <ExternalCode1></ExternalCode1>
        <ExternalCode2></ExternalCode2>
        <ExternalCode3></ExternalCode3>
      </VATDetail>
      <ProductionValueDiscount>0.00</ProductionValueDiscount>
      <DocumentValueDiscount>-1.20</DocumentValueDiscount>
      <TotalValueDiscount>-1.20</TotalValueDiscount>
      <GrossTotal>10.80</GrossTotal>
      <NetTotal>9.82</NetTotal>
      <SellItemModifier>
        <Identification>0</Identification>
        <Code></Code>
        <Description></Description>
      </SellItemModifier>
      <SellItem>
        <Identification>1903</Identification>
        <Code>1890</Code>
        <Description>ACQUA NATIA</Description>
        <ExternalCode></ExternalCode>
        <ExternalCode2></ExternalCode2>
      </SellItem>
      <SalesLevel>
        <Identification>0</Identification>
        <Code></Code>
        <Description></Description>
        <ExternalCode></ExternalCode>
        <ExternalCode2></ExternalCode2>
      </SalesLevel>
      <Changes />
      <Commissions />
      <Resource>
        <Identification>41</Identification>
        <Code>224</Code>
        <Description>30</Description>
        <ExternalCode1></ExternalCode1>
        <ExternalCode2></ExternalCode2>
      </Resource>
    </Charge>
  </Charges>
  <Body>
    <Line>
      <Quantity></Quantity>
      <Description> --- Tavolo 30 --- </Description>
      <Price></Price>
      <GrossPrice></GrossPrice>
      <NetPrice></NetPrice>
      <Total></Total>
      <GrossTotal></GrossTotal>
      <NetTotal></NetTotal>
      <RoundingNetTotalVATExtraction></RoundingNetTotalVATExtraction>
      <VAT></VAT>
      <LineType>1</LineType>
      <VATDetail>
        <Identification></Identification>
        <Code></Code>
        <Description></Description>
        <Rate></Rate>
        <ExternalCode1></ExternalCode1>
        <ExternalCode2></ExternalCode2>
        <ExternalCode3></ExternalCode3>
      </VATDetail>
      <SellItem>
        <Identification></Identification>
        <Code></Code>
        <Description></Description>
        <Type></Type>
      </SellItem>
    </Line>
    <Line>
      <Quantity>3.00</Quantity>
      <Description>Persone</Description>
      <Price>0.00</Price>
      <GrossPrice>0.00</GrossPrice>
      <NetPrice>0.00</NetPrice>
      <Total>0.00</Total>
      <GrossTotal>0.00</GrossTotal>
      <NetTotal>0.00</NetTotal>
      <RoundingNetTotalVATExtraction>0.00</RoundingNetTotalVATExtraction>
      <VAT>10</VAT>
      <LineType>2</LineType>
      <VATDetail>
        <Identification>1</Identification>
        <Code>10</Code>
        <Description>10%</Description>
        <Rate>10.00</Rate>
        <ExternalCode1></ExternalCode1>
        <ExternalCode2></ExternalCode2>
        <ExternalCode3></ExternalCode3>
      </VATDetail>
      <SellItem>
        <Identification>422</Identification>
        <Code>421</Code>
        <Description>Persone</Description>
        <Type>H</Type>
      </SellItem>
    </Line>
    <Line>
      <Quantity>1.00</Quantity>
      <Description>ACQUA SAN PELLEGRINO</Description>
      <Price>6.00</Price>
      <GrossPrice>6.00</GrossPrice>
      <NetPrice>5.45</NetPrice>
      <Total>6.00</Total>
      <GrossTotal>6.00</GrossTotal>
      <NetTotal>5.46</NetTotal>
      <RoundingNetTotalVATExtraction>-0.01</RoundingNetTotalVATExtraction>
      <VAT>10</VAT>
      <LineType>2</LineType>
      <VATDetail>
        <Identification>1</Identification>
        <Code>10</Code>
        <Description>10%</Description>
        <Rate>10.00</Rate>
        <ExternalCode1></ExternalCode1>
        <ExternalCode2></ExternalCode2>
        <ExternalCode3></ExternalCode3>
      </VATDetail>
      <SellItem>
        <Identification>1901</Identification>
        <Code>1888</Code>
        <Description>ACQUA SAN PELLEGRINO</Description>
        <Type>E</Type>
      </SellItem>
    </Line>
    <Line>
      <Quantity>2.00</Quantity>
      <Description>ACQUA NATIA</Description>
      <Price>6.00</Price>
      <GrossPrice>6.00</GrossPrice>
      <NetPrice>5.45</NetPrice>
      <Total>12.00</Total>
      <GrossTotal>12.00</GrossTotal>
      <NetTotal>10.91</NetTotal>
      <RoundingNetTotalVATExtraction>-0.01</RoundingNetTotalVATExtraction>
      <VAT>10</VAT>
      <LineType>2</LineType>
      <VATDetail>
        <Identification>1</Identification>
        <Code>10</Code>
        <Description>10%</Description>
        <Rate>10.00</Rate>
        <ExternalCode1></ExternalCode1>
        <ExternalCode2></ExternalCode2>
        <ExternalCode3></ExternalCode3>
      </VATDetail>
      <SellItem>
        <Identification>1903</Identification>
        <Code>1890</Code>
        <Description>ACQUA NATIA</Description>
        <Type>E</Type>
      </SellItem>
    </Line>
    <Line>
      <Quantity>1.00</Quantity>
      <Description>VINI BIANCHI : CAMPANI</Description>
      <Price>110.00</Price>
      <GrossPrice>110.00</GrossPrice>
      <NetPrice>100.00</NetPrice>
      <Total>110.00</Total>
      <GrossTotal>110.00</GrossTotal>
      <NetTotal>100.00</NetTotal>
      <RoundingNetTotalVATExtraction>0.00</RoundingNetTotalVATExtraction>
      <VAT>10</VAT>
      <LineType>2</LineType>
      <VATDetail>
        <Identification>1</Identification>
        <Code>10</Code>
        <Description>10%</Description>
        <Rate>10.00</Rate>
        <ExternalCode1></ExternalCode1>
        <ExternalCode2></ExternalCode2>
        <ExternalCode3></ExternalCode3>
      </VATDetail>
      <SellItem>
        <Identification>2688</Identification>
        <Code>2666</Code>
        <Description>2169 FIANO VILLA RAIANO</Description>
        <Type>E</Type>
      </SellItem>
    </Line>
    <Line>
      <Quantity>1.00</Quantity>
      <Description>CRUDO DI PESCE AL PROFUMO DAGLI AGRUMI DELLA COSTIERA</Description>
      <Price>45.00</Price>
      <GrossPrice>45.00</GrossPrice>
      <NetPrice>40.91</NetPrice>
      <Total>45.00</Total>
      <GrossTotal>45.00</GrossTotal>
      <NetTotal>40.91</NetTotal>
      <RoundingNetTotalVATExtraction>0.00</RoundingNetTotalVATExtraction>
      <VAT>10</VAT>
      <LineType>2</LineType>
      <VATDetail>
        <Identification>1</Identification>
        <Code>10</Code>
        <Description>10%</Description>
        <Rate>10.00</Rate>
        <ExternalCode1></ExternalCode1>
        <ExternalCode2></ExternalCode2>
        <ExternalCode3></ExternalCode3>
      </VATDetail>
      <SellItem>
        <Identification>2709</Identification>
        <Code>2687</Code>
        <Description>CRUDO DI PESCE AL PROFUMO DAGLI AGRUMI DELLA COSTIERA</Description>
        <Type>E</Type>
      </SellItem>
    </Line>
    <Line>
      <Quantity>1.00</Quantity>
      <Description>PESCATO DEL GIORNO [1,8KG]</Description>
      <Price>216.00</Price>
      <GrossPrice>216.00</GrossPrice>
      <NetPrice>196.36</NetPrice>
      <Total>216.00</Total>
      <GrossTotal>216.00</GrossTotal>
      <NetTotal>196.36</NetTotal>
      <RoundingNetTotalVATExtraction>0.00</RoundingNetTotalVATExtraction>
      <VAT>10</VAT>
      <LineType>2</LineType>
      <VATDetail>
        <Identification>1</Identification>
        <Code>10</Code>
        <Description>10%</Description>
        <Rate>10.00</Rate>
        <ExternalCode1></ExternalCode1>
        <ExternalCode2></ExternalCode2>
        <ExternalCode3></ExternalCode3>
      </VATDetail>
      <SellItem>
        <Identification>1861</Identification>
        <Code>1849</Code>
        <Description>PESCATO DEL GIORNO</Description>
        <Type>E</Type>
      </SellItem>
    </Line>
    <Line>
      <Quantity></Quantity>
      <Description></Description>
      <Price></Price>
      <GrossPrice></GrossPrice>
      <NetPrice></NetPrice>
      <Total></Total>
      <GrossTotal></GrossTotal>
      <NetTotal></NetTotal>
      <RoundingNetTotalVATExtraction></RoundingNetTotalVATExtraction>
      <VAT></VAT>
      <LineType>1</LineType>
      <VATDetail>
        <Identification></Identification>
        <Code></Code>
        <Description></Description>
        <Rate></Rate>
        <ExternalCode1></ExternalCode1>
        <ExternalCode2></ExternalCode2>
        <ExternalCode3></ExternalCode3>
      </VATDetail>
      <SellItem>
        <Identification></Identification>
        <Code></Code>
        <Description></Description>
        <Type></Type>
      </SellItem>
    </Line>
    <Line>
      <Quantity></Quantity>
      <Description>Subtotale:</Description>
      <Price>0.00</Price>
      <GrossPrice>0.00</GrossPrice>
      <NetPrice>0.00</NetPrice>
      <Total>389.00</Total>
      <GrossTotal>389.00</GrossTotal>
      <NetTotal>389.00</NetTotal>
      <RoundingNetTotalVATExtraction>0.00</RoundingNetTotalVATExtraction>
      <VAT></VAT>
      <LineType>8</LineType>
      <VATDetail>
        <Identification></Identification>
        <Code></Code>
        <Description></Description>
        <Rate></Rate>
        <ExternalCode1></ExternalCode1>
        <ExternalCode2></ExternalCode2>
        <ExternalCode3></ExternalCode3>
      </VATDetail>
      <SellItem>
        <Identification></Identification>
        <Code></Code>
        <Description></Description>
        <Type></Type>
      </SellItem>
    </Line>
    <Line>
      <Quantity></Quantity>
      <Description>Sconto 10%</Description>
      <Price>0.00</Price>
      <GrossPrice>0.00</GrossPrice>
      <NetPrice>0.00</NetPrice>
      <Total>-38.90</Total>
      <GrossTotal>-38.90</GrossTotal>
      <NetTotal>-35.37</NetTotal>
      <RoundingNetTotalVATExtraction>0.00</RoundingNetTotalVATExtraction>
      <VAT>10</VAT>
      <LineType>32</LineType>
      <VATDetail>
        <Identification>1</Identification>
        <Code>10</Code>
        <Description>10%</Description>
        <Rate>10.00</Rate>
        <ExternalCode1></ExternalCode1>
        <ExternalCode2></ExternalCode2>
        <ExternalCode3></ExternalCode3>
      </VATDetail>
      <SellItem>
        <Identification></Identification>
        <Code></Code>
        <Description></Description>
        <Type></Type>
      </SellItem>
    </Line>
    <Line>
      <Quantity></Quantity>
      <Description></Description>
      <Price></Price>
      <GrossPrice></GrossPrice>
      <NetPrice></NetPrice>
      <Total></Total>
      <GrossTotal></GrossTotal>
      <NetTotal></NetTotal>
      <RoundingNetTotalVATExtraction></RoundingNetTotalVATExtraction>
      <VAT></VAT>
      <LineType>16</LineType>
      <VATDetail>
        <Identification></Identification>
        <Code></Code>
        <Description></Description>
        <Rate></Rate>
        <ExternalCode1></ExternalCode1>
        <ExternalCode2></ExternalCode2>
        <ExternalCode3></ExternalCode3>
      </VATDetail>
      <SellItem>
        <Identification></Identification>
        <Code></Code>
        <Description></Description>
        <Type></Type>
      </SellItem>
    </Line>
    <Line>
      <Quantity></Quantity>
      <Description>      350,10 PAGATE CON Carte di credito ( 350,10)</Description>
      <Price></Price>
      <GrossPrice></GrossPrice>
      <NetPrice></NetPrice>
      <Total></Total>
      <GrossTotal></GrossTotal>
      <NetTotal></NetTotal>
      <RoundingNetTotalVATExtraction></RoundingNetTotalVATExtraction>
      <VAT></VAT>
      <LineType>16</LineType>
      <VATDetail>
        <Identification></Identification>
        <Code></Code>
        <Description></Description>
        <Rate></Rate>
        <ExternalCode1></ExternalCode1>
        <ExternalCode2></ExternalCode2>
        <ExternalCode3></ExternalCode3>
      </VATDetail>
      <SellItem>
        <Identification></Identification>
        <Code></Code>
        <Description></Description>
        <Type></Type>
      </SellItem>
    </Line>
  </Body>
  <Totals>
    <Details>389.00</Details>
    <CreditUsed>0.00</CreditUsed>
    <TransactionSummary>0.00</TransactionSummary>
    <Service>0.00</Service>
    <MealTicketExtraCharge>0.00</MealTicketExtraCharge>
    <ReturnedMealTicketToken>0.00</ReturnedMealTicketToken>
    <Offer>0.00</Offer>
    <AdditionalTaxes>0.00</AdditionalTaxes>
    <FidelityDiscount>0.00</FidelityDiscount>
    <SubTotal>389.00</SubTotal>
    <PercentageDiscount>-38.90</PercentageDiscount>
    <ValueDiscount>0.00</ValueDiscount>
    <NetTotalDiscount>-35.37</NetTotalDiscount>
    <Commission>0.00</Commission>
    <TotalDue>350.10</TotalDue>
    <TotalDocument>350.10</TotalDocument>
    <CurrencyName>Euro</CurrencyName>
    <CurrencyChange>1</CurrencyChange>
    <CurrencySymbol>€</CurrencySymbol>
    <Taxes>
      <Tax>
        <Code>10</Code>
        <Description>10%</Description>
        <RateableValue>318.27</RateableValue>
        <VATRate>10.00</VATRate>
        <VATExternalCode></VATExternalCode>
        <VATExternalCode2></VATExternalCode2>
        <VATExternalCode3></VATExternalCode3>
        <VAT>31.83</VAT>
        <Total>350.10</Total>
        <Currency>
          <Identification>2</Identification>
          <Code>EUR</Code>
          <Description>Euro</Description>
          <IsoCode>EUR</IsoCode>
          <Change>1.0000000000</Change>
        </Currency>
      </Tax>
    </Taxes>
    <Payments>
      <Payment>
        <Identification>35052</Identification>
        <Type>
          <Identification>3</Identification>
          <Code>CC</Code>
          <Description>Carte di credito</Description>
          <ExternalCode></ExternalCode>
          <ExternalCode2></ExternalCode2>
          <Beneficiary></Beneficiary>
          <Bank></Bank>
          <Iban></Iban>
        </Type>
        <Value>350.10</Value>
        <CurrencyName>Euro</CurrencyName>
        <CurrencySymbol>€</CurrencySymbol>
        <CurrencyChange>1</CurrencyChange>
        <Note></Note>
        <Outstanding>No</Outstanding>
        <ExpiryDate></ExpiryDate>
        <CashedDate></CashedDate>
        <OutstandingHeading>
          <Identification>0</Identification>
          <ExternalCode></ExternalCode>
          <ExternalCode2></ExternalCode2>
          <ProfileName></ProfileName>
          <Surname></Surname>
          <FirstName></FirstName>
          <VATCode></VATCode>
          <RecipientCode></RecipientCode>
          <CertifiedMail></CertifiedMail>
          <CompanyRegNumber></CompanyRegNumber>
          <Address></Address>
          <City>
            <Identification>0</Identification>
            <Description></Description>
            <Zip></Zip>
            <ExternalCode1></ExternalCode1>
            <ExternalCode2></ExternalCode2>
            <ExternalCode3></ExternalCode3>
          </City>
          <County>
            <Identification>0</Identification>
            <Code></Code>
            <Description></Description>
            <ExternalCode1></ExternalCode1>
            <ExternalCode2></ExternalCode2>
            <ExternalCode3></ExternalCode3>
          </County>
          <State>
            <Identification>0</Identification>
            <Code></Code>
            <Description></Description>
            <ExternalCode1></ExternalCode1>
            <ExternalCode2></ExternalCode2>
            <ExternalCode3></ExternalCode3>
          </State>
          <Country>
            <Identification>0</Identification>
            <Code></Code>
            <Description></Description>
            <ExternalCode1></ExternalCode1>
            <ExternalCode2></ExternalCode2>
            <ExternalCode3></ExternalCode3>
            <GroupCountry>
              <Identification>0</Identification>
              <Code></Code>
              <Description></Description>
              <ExternalCode1></ExternalCode1>
              <ExternalCode2></ExternalCode2>
              <ExternalCode3></ExternalCode3>
            </GroupCountry>
          </Country>
          <IDDocument>
            <Identification>0</Identification>
            <Code></Code>
            <ExternalCode></ExternalCode>
            <Description></Description>
            <Number></Number>
            <Date>1899-12-31</Date>
          </IDDocument>
        </OutstandingHeading>
      </Payment>
    </Payments>
  </Totals>
  <Attachments></Attachments>
</Bill>