<Bill>
  <FileInformation>
    <Type>DOC</Type>
    <Version>14</Version>
    <ExportDate>2023-01-13T20:53:06Z</ExportDate>
    <Cancellation>No</Cancellation>
    <Seller>
      <Identification>1</Identification>
      <Description>Azienda 0001</Description>
      <ProfileName>Delfia Srl</ProfileName>
      <VATCode>00147650436</VATCode>
      <CompanyRegNumber>00147650436</CompanyRegNumber>
      <Address>Via Santorre di Santarosa, 29</Address>
      <City>Civitanova Marche</City>
      <Zip>62012</Zip>
      <County>MC</County>
      <Country>Italia</Country>
      <Telephone>0733770267</Telephone>
      <Email>info@hoteldimorae.it</Email>
      <Fax></Fax>
    </Seller>
  </FileInformation>
  <Head>
    <Terminal>
      <Identification>11</Identification>
      <Description>Front Office</Description>
      <ExternalCode1></ExternalCode1>
      <ExternalCode2></ExternalCode2>
    </Terminal>
    <Operator>
      <Identification>7</Identification>
      <Description>Roberta F</Description>
    </Operator>
    <IdentificationTerminal>11</IdentificationTerminal>
    <Identification>23438</Identification>
    <Date>2023-01-13T20:52:41Z</Date>
    <ManagementDate>2023-01-13T00:00:00Z</ManagementDate>
    <Number>13/A</Number>
    <ExternalCode1></ExternalCode1>
    <ExternalCode2></ExternalCode2>
    <ExternalCode3></ExternalCode3>
    <ExternalCode4></ExternalCode4>
    <ExternalCode5></ExternalCode5>
    <ExternalCode6></ExternalCode6>
    <ExternalCode7></ExternalCode7>
    <ExternalCode8></ExternalCode8>
    <NotCollectTax>N</NotCollectTax>
    <CurrencyIsoCode>EUR</CurrencyIsoCode>
    <BillingMethod>
      <Identification>2</Identification>
      <Code>FA</Code>
      <Description>Fattura</Description>
      <Features>
        <Feature>1</Feature>
      </Features>
    </BillingMethod>
    <AccountReceivable>
      <Identification>2</Identification>
      <Code>FA</Code>
      <Description>Fattura</Description>
      <ExternalCode></ExternalCode>
      <ExternalCode2></ExternalCode2>
      <CalculationType>0</CalculationType>
    </AccountReceivable>
    <Customer>
      <Identification>67574</Identification>
      <ExternalCode></ExternalCode>
      <ExternalCode2></ExternalCode2>
      <ProfileName>R&amp;B Consulting Srl</ProfileName>
      <Surname>R&amp;B Consulting Srl</Surname>
      <FirstName></FirstName>
      <VATCode>05744121210</VATCode>
      <RecipientCode>KRRH6B9</RecipientCode>
      <CertifiedMail></CertifiedMail>
      <CompanyRegNumber>05744121210</CompanyRegNumber>
      <Address>Via Crescenzio 25</Address>
      <City>
        <Identification>142104</Identification>
        <Description>ROMA</Description>
        <Zip>00193</Zip>
        <ExternalCode1>412058091</ExternalCode1>
        <ExternalCode2>412058091</ExternalCode2>
        <ExternalCode3>H501</ExternalCode3>
      </City>
      <County>
        <Identification>183</Identification>
        <Code>RM</Code>
        <Description>Roma</Description>
        <ExternalCode1></ExternalCode1>
        <ExternalCode2>058</ExternalCode2>
        <ExternalCode3></ExternalCode3>
      </County>
      <State>
        <Identification>38</Identification>
        <Code>LA</Code>
        <Description>Lazio</Description>
        <ExternalCode1></ExternalCode1>
        <ExternalCode2>912</ExternalCode2>
        <ExternalCode3></ExternalCode3>
      </State>
      <Country>
        <Identification>3780</Identification>
        <Code>IT</Code>
        <Description>Italia</Description>
        <ExternalCode1>100000100</ExternalCode1>
        <ExternalCode2>100</ExternalCode2>
        <ExternalCode3></ExternalCode3>
        <GroupCountry>
          <Identification>0</Identification>
          <Code></Code>
          <Description></Description>
          <ExternalCode1></ExternalCode1>
          <ExternalCode2></ExternalCode2>
          <ExternalCode3></ExternalCode3>
        </GroupCountry>
      </Country>
      <IDDocument>
        <Identification>0</Identification>
        <Code></Code>
        <ExternalCode></ExternalCode>
        <Description></Description>
        <Number></Number>
        <Date>1899-12-31</Date>
      </IDDocument>
    </Customer>
    <CreditNote>No</CreditNote>
    <DisplayOptions>
      <Option>PrezzoGiornaliero</Option>
      <Option>CodiceFiscale</Option>
      <Option>Retta</Option>
      <Option>CastellettoTasse</Option>
      <Option>MostraRetteRaggruppate</Option>
      <Option>RiclassificazioneLivelliRicavo</Option>
      <Option>RiportaRiferimentoParcheggiati</Option>
      <Option>PrezzoGiornalieroRisorsa</Option>
      <Option>Voucher</Option>
      <Option>DataMovimentoCassa</Option>
      <Option>PeriodoSoggiorno</Option>
      <Option>NoteDocumento</Option>
      <Option>Prenotato</Option>
    </DisplayOptions>
    <OriginalDocumentData>
      <Identification></Identification>
      <Date></Date>
      <ManagementDate></ManagementDate>
      <Number></Number>
    </OriginalDocumentData>
  </Head>
  <Charges>
    <Charge>
      <Identification>365575</Identification>
      <Date>2023-01-13T00:00:00Z</Date>
      <ManagementDate>2023-01-13T00:00:00Z</ManagementDate>
      <Workstation>
        <Identification>11</Identification>
        <Code>FO1</Code>
        <Name>Front Office</Name>
        <ExternalCode1></ExternalCode1>
        <ExternalCode2></ExternalCode2>
      </Workstation>
      <Description>Colazione</Description>
      <MeasureUnit>
        <Id>0</Id>
        <Code></Code>
        <Description></Description>
        <ExternalCode></ExternalCode>
      </MeasureUnit>
      <ExcludeFromTheBill>No</ExcludeFromTheBill>
      <SplittedBillCharge>No</SplittedBillCharge>
      <SummarizedDocument>No</SummarizedDocument>
      <SummarizedDocumentData>
        <Identification>0</Identification>
        <Date></Date>
        <ManagementDate></ManagementDate>
        <Number>0</Number>
      </SummarizedDocumentData>
      <SummarizedDocumentBillingMethod>
        <Identification>0</Identification>
        <Code></Code>
        <Description></Description>
      </SummarizedDocumentBillingMethod>
      <SummarizedDocumentAccountReceivable>
        <Identification>0</Identification>
        <Code></Code>
        <Description></Description>
        <ExternalCode></ExternalCode>
        <ExternalCode2></ExternalCode2>
        <CalculationType></CalculationType>
      </SummarizedDocumentAccountReceivable>
      <OriginalDocumentData>
        <ChargeIdentification>0</ChargeIdentification>
        <Identification>0</Identification>
        <Date></Date>
        <ManagementDate></ManagementDate>
        <Number>0</Number>
      </OriginalDocumentData>
      <OriginalDocumentBillingMethod>
        <Identification>0</Identification>
        <Code></Code>
        <Description></Description>
      </OriginalDocumentBillingMethod>
      <OriginalDocumentAccountReceivable>
        <Identification>0</Identification>
        <Code></Code>
        <Description></Description>
        <ExternalCode></ExternalCode>
        <ExternalCode2></ExternalCode2>
        <CalculationType></CalculationType>
      </OriginalDocumentAccountReceivable>
      <UsedDownpaymentDocument>No</UsedDownpaymentDocument>
      <UsedDownpaymentDocumentData>
        <Identification>0</Identification>
        <Date></Date>
        <ManagementDate></ManagementDate>
        <Number>0</Number>
      </UsedDownpaymentDocumentData>
      <UsedDownpaymentDocumentBillingMethod>
        <Identification>0</Identification>
        <Code></Code>
        <Description></Description>
      </UsedDownpaymentDocumentBillingMethod>
      <UsedDownpaymentDocumentAccountReceivable>
        <Identification>0</Identification>
        <Code></Code>
        <Description></Description>
        <ExternalCode></ExternalCode>
        <ExternalCode2></ExternalCode2>
        <CalculationType></CalculationType>
      </UsedDownpaymentDocumentAccountReceivable>
      <Value>
        <Identification>18</Identification>
        <Code>EUR</Code>
        <Description>Euro</Description>
        <IsoCode>EUR</IsoCode>
        <Change>1.0000000000</Change>
      </Value>
      <Currency>
        <Identification>18</Identification>
        <Code>EUR</Code>
        <Description>Euro</Description>
        <IsoCode>EUR</IsoCode>
        <Change>1.0000000000</Change>
        <AmountCompanyCurrency>5.00</AmountCompanyCurrency>
      </Currency>
      <ReservationId>43470</ReservationId>
      <UnitPrice>5.00</UnitPrice>
      <Quantity>1</Quantity>
      <Weight>0</Weight>
      <VAT>0.45</VAT>
      <VATRate>10.00</VATRate>
      <VATExternalCode></VATExternalCode>
      <VATExternalCode2></VATExternalCode2>
      <VATExternalCode3></VATExternalCode3>
      <VATDetail>
        <Identification>1</Identification>
        <Code>10</Code>
        <Description>10%</Description>
        <Rate>10.00</Rate>
        <ExternalCode1></ExternalCode1>
        <ExternalCode2></ExternalCode2>
        <ExternalCode3></ExternalCode3>
      </VATDetail>
      <ProductionValueDiscount>0.00</ProductionValueDiscount>
      <DocumentValueDiscount>0.00</DocumentValueDiscount>
      <TotalValueDiscount>0.00</TotalValueDiscount>
      <GrossTotal>5.00</GrossTotal>
      <NetTotal>4.55</NetTotal>
      <SellItemModifier>
        <Identification>0</Identification>
        <Code></Code>
        <Description></Description>
      </SellItemModifier>
      <SellItem>
        <Identification>6</Identification>
        <Code>6</Code>
        <Description>Colazione</Description>
        <ExternalCode></ExternalCode>
        <ExternalCode2></ExternalCode2>
      </SellItem>
      <RevenueLevel>
        <Identification>3</Identification>
        <Description>Arrangiamenti</Description>
        <Code>ARR</Code>
        <ExternalCode1></ExternalCode1>
        <ExternalCode2></ExternalCode2>
      </RevenueLevel>
      <SalesLevel>
        <Identification>0</Identification>
        <Code></Code>
        <Description></Description>
        <ExternalCode></ExternalCode>
        <ExternalCode2></ExternalCode2>
      </SalesLevel>
      <Changes />
      <Commissions />
      <Resource>
        <Identification>82</Identification>
        <Code>105</Code>
        <Description>105 MA</Description>
        <ExternalCode1></ExternalCode1>
        <ExternalCode2></ExternalCode2>
      </Resource>
    </Charge>
    <Charge>
      <Identification>365576</Identification>
      <Date>2023-01-13T00:00:00Z</Date>
      <ManagementDate>2023-01-13T00:00:00Z</ManagementDate>
      <Workstation>
        <Identification>11</Identification>
        <Code>FO1</Code>
        <Name>Front Office</Name>
        <ExternalCode1></ExternalCode1>
        <ExternalCode2></ExternalCode2>
      </Workstation>
      <Description>Wifi</Description>
      <MeasureUnit>
        <Id>0</Id>
        <Code></Code>
        <Description></Description>
        <ExternalCode></ExternalCode>
      </MeasureUnit>
      <ExcludeFromTheBill>No</ExcludeFromTheBill>
      <SplittedBillCharge>No</SplittedBillCharge>
      <SummarizedDocument>No</SummarizedDocument>
      <SummarizedDocumentData>
        <Identification>0</Identification>
        <Date></Date>
        <ManagementDate></ManagementDate>
        <Number>0</Number>
      </SummarizedDocumentData>
      <SummarizedDocumentBillingMethod>
        <Identification>0</Identification>
        <Code></Code>
        <Description></Description>
      </SummarizedDocumentBillingMethod>
      <SummarizedDocumentAccountReceivable>
        <Identification>0</Identification>
        <Code></Code>
        <Description></Description>
        <ExternalCode></ExternalCode>
        <ExternalCode2></ExternalCode2>
        <CalculationType></CalculationType>
      </SummarizedDocumentAccountReceivable>
      <OriginalDocumentData>
        <ChargeIdentification>0</ChargeIdentification>
        <Identification>0</Identification>
        <Date></Date>
        <ManagementDate></ManagementDate>
        <Number>0</Number>
      </OriginalDocumentData>
      <OriginalDocumentBillingMethod>
        <Identification>0</Identification>
        <Code></Code>
        <Description></Description>
      </OriginalDocumentBillingMethod>
      <OriginalDocumentAccountReceivable>
        <Identification>0</Identification>
        <Code></Code>
        <Description></Description>
        <ExternalCode></ExternalCode>
        <ExternalCode2></ExternalCode2>
        <CalculationType></CalculationType>
      </OriginalDocumentAccountReceivable>
      <UsedDownpaymentDocument>No</UsedDownpaymentDocument>
      <UsedDownpaymentDocumentData>
        <Identification>0</Identification>
        <Date></Date>
        <ManagementDate></ManagementDate>
        <Number>0</Number>
      </UsedDownpaymentDocumentData>
      <UsedDownpaymentDocumentBillingMethod>
        <Identification>0</Identification>
        <Code></Code>
        <Description></Description>
      </UsedDownpaymentDocumentBillingMethod>
      <UsedDownpaymentDocumentAccountReceivable>
        <Identification>0</Identification>
        <Code></Code>
        <Description></Description>
        <ExternalCode></ExternalCode>
        <ExternalCode2></ExternalCode2>
        <CalculationType></CalculationType>
      </UsedDownpaymentDocumentAccountReceivable>
      <Value>
        <Identification>18</Identification>
        <Code>EUR</Code>
        <Description>Euro</Description>
        <IsoCode>EUR</IsoCode>
        <Change>1.0000000000</Change>
      </Value>
      <Currency>
        <Identification>18</Identification>
        <Code>EUR</Code>
        <Description>Euro</Description>
        <IsoCode>EUR</IsoCode>
        <Change>1.0000000000</Change>
        <AmountCompanyCurrency>0.00</AmountCompanyCurrency>
      </Currency>
      <ReservationId>43470</ReservationId>
      <UnitPrice>0.00</UnitPrice>
      <Quantity>1</Quantity>
      <Weight>0</Weight>
      <VAT>0.00</VAT>
      <VATRate>10.00</VATRate>
      <VATExternalCode></VATExternalCode>
      <VATExternalCode2></VATExternalCode2>
      <VATExternalCode3></VATExternalCode3>
      <VATDetail>
        <Identification>1</Identification>
        <Code>10</Code>
        <Description>10%</Description>
        <Rate>10.00</Rate>
        <ExternalCode1></ExternalCode1>
        <ExternalCode2></ExternalCode2>
        <ExternalCode3></ExternalCode3>
      </VATDetail>
      <ProductionValueDiscount>0.00</ProductionValueDiscount>
      <DocumentValueDiscount>0.00</DocumentValueDiscount>
      <TotalValueDiscount>0.00</TotalValueDiscount>
      <GrossTotal>0.00</GrossTotal>
      <NetTotal>0.00</NetTotal>
      <SellItemModifier>
        <Identification>0</Identification>
        <Code></Code>
        <Description></Description>
      </SellItemModifier>
      <SellItem>
        <Identification>13</Identification>
        <Code>12</Code>
        <Description>Wifi</Description>
        <ExternalCode></ExternalCode>
        <ExternalCode2></ExternalCode2>
      </SellItem>
      <RevenueLevel>
        <Identification>11</Identification>
        <Description>Servizi Inclusi</Description>
        <Code>SV INC</Code>
        <ExternalCode1></ExternalCode1>
        <ExternalCode2></ExternalCode2>
      </RevenueLevel>
      <SalesLevel>
        <Identification>0</Identification>
        <Code></Code>
        <Description></Description>
        <ExternalCode></ExternalCode>
        <ExternalCode2></ExternalCode2>
      </SalesLevel>
      <Changes />
      <Commissions />
      <Resource>
        <Identification>82</Identification>
        <Code>105</Code>
        <Description>105 MA</Description>
        <ExternalCode1></ExternalCode1>
        <ExternalCode2></ExternalCode2>
      </Resource>
    </Charge>
    <Charge>
      <Identification>365577</Identification>
      <Date>2023-01-13T00:00:00Z</Date>
      <ManagementDate>2023-01-13T00:00:00Z</ManagementDate>
      <Workstation>
        <Identification>11</Identification>
        <Code>FO1</Code>
        <Name>Front Office</Name>
        <ExternalCode1></ExternalCode1>
        <ExternalCode2></ExternalCode2>
      </Workstation>
      <Description>Camera</Description>
      <MeasureUnit>
        <Id>0</Id>
        <Code></Code>
        <Description></Description>
        <ExternalCode></ExternalCode>
      </MeasureUnit>
      <ExcludeFromTheBill>No</ExcludeFromTheBill>
      <SplittedBillCharge>No</SplittedBillCharge>
      <SummarizedDocument>No</SummarizedDocument>
      <SummarizedDocumentData>
        <Identification>0</Identification>
        <Date></Date>
        <ManagementDate></ManagementDate>
        <Number>0</Number>
      </SummarizedDocumentData>
      <SummarizedDocumentBillingMethod>
        <Identification>0</Identification>
        <Code></Code>
        <Description></Description>
      </SummarizedDocumentBillingMethod>
      <SummarizedDocumentAccountReceivable>
        <Identification>0</Identification>
        <Code></Code>
        <Description></Description>
        <ExternalCode></ExternalCode>
        <ExternalCode2></ExternalCode2>
        <CalculationType></CalculationType>
      </SummarizedDocumentAccountReceivable>
      <OriginalDocumentData>
        <ChargeIdentification>0</ChargeIdentification>
        <Identification>0</Identification>
        <Date></Date>
        <ManagementDate></ManagementDate>
        <Number>0</Number>
      </OriginalDocumentData>
      <OriginalDocumentBillingMethod>
        <Identification>0</Identification>
        <Code></Code>
        <Description></Description>
      </OriginalDocumentBillingMethod>
      <OriginalDocumentAccountReceivable>
        <Identification>0</Identification>
        <Code></Code>
        <Description></Description>
        <ExternalCode></ExternalCode>
        <ExternalCode2></ExternalCode2>
        <CalculationType></CalculationType>
      </OriginalDocumentAccountReceivable>
      <UsedDownpaymentDocument>No</UsedDownpaymentDocument>
      <UsedDownpaymentDocumentData>
        <Identification>0</Identification>
        <Date></Date>
        <ManagementDate></ManagementDate>
        <Number>0</Number>
      </UsedDownpaymentDocumentData>
      <UsedDownpaymentDocumentBillingMethod>
        <Identification>0</Identification>
        <Code></Code>
        <Description></Description>
      </UsedDownpaymentDocumentBillingMethod>
      <UsedDownpaymentDocumentAccountReceivable>
        <Identification>0</Identification>
        <Code></Code>
        <Description></Description>
        <ExternalCode></ExternalCode>
        <ExternalCode2></ExternalCode2>
        <CalculationType></CalculationType>
      </UsedDownpaymentDocumentAccountReceivable>
      <Value>
        <Identification>18</Identification>
        <Code>EUR</Code>
        <Description>Euro</Description>
        <IsoCode>EUR</IsoCode>
        <Change>1.0000000000</Change>
      </Value>
      <Currency>
        <Identification>18</Identification>
        <Code>EUR</Code>
        <Description>Euro</Description>
        <IsoCode>EUR</IsoCode>
        <Change>1.0000000000</Change>
        <AmountCompanyCurrency>144.00</AmountCompanyCurrency>
      </Currency>
      <ReservationId>43470</ReservationId>
      <UnitPrice>144.00</UnitPrice>
      <Quantity>1</Quantity>
      <Weight>0</Weight>
      <VAT>13.09</VAT>
      <VATRate>10.00</VATRate>
      <VATExternalCode></VATExternalCode>
      <VATExternalCode2></VATExternalCode2>
      <VATExternalCode3></VATExternalCode3>
      <VATDetail>
        <Identification>1</Identification>
        <Code>10</Code>
        <Description>10%</Description>
        <Rate>10.00</Rate>
        <ExternalCode1></ExternalCode1>
        <ExternalCode2></ExternalCode2>
        <ExternalCode3></ExternalCode3>
      </VATDetail>
      <ProductionValueDiscount>0.00</ProductionValueDiscount>
      <DocumentValueDiscount>0.00</DocumentValueDiscount>
      <TotalValueDiscount>0.00</TotalValueDiscount>
      <GrossTotal>144.00</GrossTotal>
      <NetTotal>130.91</NetTotal>
      <SellItemModifier>
        <Identification>0</Identification>
        <Code></Code>
        <Description></Description>
      </SellItemModifier>
      <SellItem>
        <Identification>5</Identification>
        <Code>5</Code>
        <Description>Camera</Description>
        <ExternalCode></ExternalCode>
        <ExternalCode2></ExternalCode2>
      </SellItem>
      <RevenueLevel>
        <Identification>3</Identification>
        <Description>Arrangiamenti</Description>
        <Code>ARR</Code>
        <ExternalCode1></ExternalCode1>
        <ExternalCode2></ExternalCode2>
      </RevenueLevel>
      <SalesLevel>
        <Identification>0</Identification>
        <Code></Code>
        <Description></Description>
        <ExternalCode></ExternalCode>
        <ExternalCode2></ExternalCode2>
      </SalesLevel>
      <Changes />
      <Commissions />
      <Resource>
        <Identification>82</Identification>
        <Code>105</Code>
        <Description>105 MA</Description>
        <ExternalCode1></ExternalCode1>
        <ExternalCode2></ExternalCode2>
      </Resource>
    </Charge>
  </Charges>
  <Body>
    <Line>
      <Quantity></Quantity>
      <Description>RUSSO GIUSEPPE</Description>
      <Price></Price>
      <GrossPrice></GrossPrice>
      <NetPrice></NetPrice>
      <Total></Total>
      <GrossTotal></GrossTotal>
      <NetTotal></NetTotal>
      <RoundingNetTotalVATExtraction></RoundingNetTotalVATExtraction>
      <VAT></VAT>
      <LineType>4</LineType>
      <VATDetail>
        <Identification></Identification>
        <Code></Code>
        <Description></Description>
        <Rate></Rate>
        <ExternalCode1></ExternalCode1>
        <ExternalCode2></ExternalCode2>
        <ExternalCode3></ExternalCode3>
      </VATDetail>
      <SellItem>
        <Identification></Identification>
        <Code></Code>
        <Description></Description>
        <Type></Type>
      </SellItem>
    </Line>
    <Line>
      <Quantity></Quantity>
      <Description></Description>
      <Price></Price>
      <GrossPrice></GrossPrice>
      <NetPrice></NetPrice>
      <Total></Total>
      <GrossTotal></GrossTotal>
      <NetTotal></NetTotal>
      <RoundingNetTotalVATExtraction></RoundingNetTotalVATExtraction>
      <VAT></VAT>
      <LineType>1</LineType>
      <VATDetail>
        <Identification></Identification>
        <Code></Code>
        <Description></Description>
        <Rate></Rate>
        <ExternalCode1></ExternalCode1>
        <ExternalCode2></ExternalCode2>
        <ExternalCode3></ExternalCode3>
      </VATDetail>
      <SellItem>
        <Identification></Identification>
        <Code></Code>
        <Description></Description>
        <Type></Type>
      </SellItem>
    </Line>
    <Line>
      <Quantity></Quantity>
      <Description>Il 13/01/2023 - Camera e Colazione</Description>
      <Price>0.00</Price>
      <GrossPrice>0.00</GrossPrice>
      <NetPrice>0.00</NetPrice>
      <Total>149.00</Total>
      <GrossTotal>149.00</GrossTotal>
      <NetTotal>135.45</NetTotal>
      <RoundingNetTotalVATExtraction>0.00</RoundingNetTotalVATExtraction>
      <VAT>10</VAT>
      <LineType>4</LineType>
      <VATDetail>
        <Identification>1</Identification>
        <Code>10</Code>
        <Description>10%</Description>
        <Rate>10.00</Rate>
        <ExternalCode1></ExternalCode1>
        <ExternalCode2></ExternalCode2>
        <ExternalCode3></ExternalCode3>
      </VATDetail>
      <SellItem>
        <Identification></Identification>
        <Code></Code>
        <Description></Description>
        <Type></Type>
      </SellItem>
    </Line>
    <Line>
      <Quantity></Quantity>
      <Description></Description>
      <Price></Price>
      <GrossPrice></GrossPrice>
      <NetPrice></NetPrice>
      <Total></Total>
      <GrossTotal></GrossTotal>
      <NetTotal></NetTotal>
      <RoundingNetTotalVATExtraction></RoundingNetTotalVATExtraction>
      <VAT></VAT>
      <LineType>1</LineType>
      <VATDetail>
        <Identification></Identification>
        <Code></Code>
        <Description></Description>
        <Rate></Rate>
        <ExternalCode1></ExternalCode1>
        <ExternalCode2></ExternalCode2>
        <ExternalCode3></ExternalCode3>
      </VATDetail>
      <SellItem>
        <Identification></Identification>
        <Code></Code>
        <Description></Description>
        <Type></Type>
      </SellItem>
    </Line>
    <Line>
      <Quantity></Quantity>
      <Description></Description>
      <Price></Price>
      <GrossPrice></GrossPrice>
      <NetPrice></NetPrice>
      <Total></Total>
      <GrossTotal></GrossTotal>
      <NetTotal></NetTotal>
      <RoundingNetTotalVATExtraction></RoundingNetTotalVATExtraction>
      <VAT></VAT>
      <LineType>16</LineType>
      <VATDetail>
        <Identification></Identification>
        <Code></Code>
        <Description></Description>
        <Rate></Rate>
        <ExternalCode1></ExternalCode1>
        <ExternalCode2></ExternalCode2>
        <ExternalCode3></ExternalCode3>
      </VATDetail>
      <SellItem>
        <Identification></Identification>
        <Code></Code>
        <Description></Description>
        <Type></Type>
      </SellItem>
    </Line>
    <Line>
      <Quantity></Quantity>
      <Description>      149,00 PAGATE CON Carta di credito</Description>
      <Price></Price>
      <GrossPrice></GrossPrice>
      <NetPrice></NetPrice>
      <Total></Total>
      <GrossTotal></GrossTotal>
      <NetTotal></NetTotal>
      <RoundingNetTotalVATExtraction></RoundingNetTotalVATExtraction>
      <VAT></VAT>
      <LineType>16</LineType>
      <VATDetail>
        <Identification></Identification>
        <Code></Code>
        <Description></Description>
        <Rate></Rate>
        <ExternalCode1></ExternalCode1>
        <ExternalCode2></ExternalCode2>
        <ExternalCode3></ExternalCode3>
      </VATDetail>
      <SellItem>
        <Identification></Identification>
        <Code></Code>
        <Description></Description>
        <Type></Type>
      </SellItem>
    </Line>
  </Body>
  <Totals>
    <Details>149.00</Details>
    <CreditUsed>0.00</CreditUsed>
    <TransactionSummary>0.00</TransactionSummary>
    <Service>0.00</Service>
    <MealTicketExtraCharge>0.00</MealTicketExtraCharge>
    <ReturnedMealTicketToken>0.00</ReturnedMealTicketToken>
    <Offer>0.00</Offer>
    <AdditionalTaxes>0.00</AdditionalTaxes>
    <FidelityDiscount>0.00</FidelityDiscount>
    <SubTotal>149.00</SubTotal>
    <PercentageDiscount>0.00</PercentageDiscount>
    <ValueDiscount>0.00</ValueDiscount>
    <NetTotalDiscount>0.00</NetTotalDiscount>
    <Commission>0.00</Commission>
    <TotalDue>149.00</TotalDue>
    <TotalDocument>149.00</TotalDocument>
    <CurrencyName>Euro</CurrencyName>
    <CurrencyChange>1</CurrencyChange>
    <CurrencySymbol>€</CurrencySymbol>
    <Taxes>
      <Tax>
        <Code>10</Code>
        <Description>10%</Description>
        <RateableValue>135.45</RateableValue>
        <VATRate>10.00</VATRate>
        <VATExternalCode></VATExternalCode>
        <VATExternalCode2></VATExternalCode2>
        <VATExternalCode3></VATExternalCode3>
        <VAT>13.55</VAT>
        <Total>149.00</Total>
        <RoundingNetTotalVATExtraction>-0.01</RoundingNetTotalVATExtraction>
        <Currency>
          <Identification>18</Identification>
          <Code>EUR</Code>
          <Description>Euro</Description>
          <IsoCode>EUR</IsoCode>
          <Change>1.0000000000</Change>
        </Currency>
      </Tax>
    </Taxes>
    <Payments>
      <Payment>
        <Identification>29474</Identification>
        <Type>
          <Identification>4</Identification>
          <Code>CAR</Code>
          <Description>Carta di credito</Description>
          <ExternalCode></ExternalCode>
          <ExternalCode2></ExternalCode2>
          <Beneficiary></Beneficiary>
          <Bank></Bank>
          <Iban></Iban>
          <TypePaymentType>0</TypePaymentType>
        </Type>
        <Value>149.00</Value>
        <CurrencyName>Euro</CurrencyName>
        <CurrencySymbol>€</CurrencySymbol>
        <CurrencyChange>1.00</CurrencyChange>
        <Note></Note>
        <Outstanding>No</Outstanding>
        <ExpiryDate></ExpiryDate>
        <CashedDate></CashedDate>
        <OutstandingHeading>
          <Identification>0</Identification>
          <ExternalCode></ExternalCode>
          <ExternalCode2></ExternalCode2>
          <ProfileName></ProfileName>
          <Surname></Surname>
          <FirstName></FirstName>
          <VATCode></VATCode>
          <RecipientCode></RecipientCode>
          <CertifiedMail></CertifiedMail>
          <CompanyRegNumber></CompanyRegNumber>
          <Address></Address>
          <City>
            <Identification>0</Identification>
            <Description></Description>
            <Zip></Zip>
            <ExternalCode1></ExternalCode1>
            <ExternalCode2></ExternalCode2>
            <ExternalCode3></ExternalCode3>
          </City>
          <County>
            <Identification>0</Identification>
            <Code></Code>
            <Description></Description>
            <ExternalCode1></ExternalCode1>
            <ExternalCode2></ExternalCode2>
            <ExternalCode3></ExternalCode3>
          </County>
          <State>
            <Identification>0</Identification>
            <Code></Code>
            <Description></Description>
            <ExternalCode1></ExternalCode1>
            <ExternalCode2></ExternalCode2>
            <ExternalCode3></ExternalCode3>
          </State>
          <Country>
            <Identification>0</Identification>
            <Code></Code>
            <Description></Description>
            <ExternalCode1></ExternalCode1>
            <ExternalCode2></ExternalCode2>
            <ExternalCode3></ExternalCode3>
            <GroupCountry>
              <Identification>0</Identification>
              <Code></Code>
              <Description></Description>
              <ExternalCode1></ExternalCode1>
              <ExternalCode2></ExternalCode2>
              <ExternalCode3></ExternalCode3>
            </GroupCountry>
          </Country>
          <IDDocument>
            <Identification>0</Identification>
            <Code></Code>
            <ExternalCode></ExternalCode>
            <Description></Description>
            <Number></Number>
            <Date>1899-12-31</Date>
          </IDDocument>
        </OutstandingHeading>
      </Payment>
    </Payments>
  </Totals>
  <SummarizedDocuments></SummarizedDocuments>
  <Reservations>
    <Reservation>
      <ReservationId>43470</ReservationId>
      <Arrival>13/01/2023 00:00:00</Arrival>
      <Departure>14/01/2023 00:00:00</Departure>
      <ReservationDescription>[26448] RUSSO GIUSEPPE (Junior Suite Jacuzzi: 105 MA)</ReservationDescription>
      <ResourceId>82</ResourceId>
      <ResourceCode>105</ResourceCode>
      <ResourceDescription>105 MA</ResourceDescription>
      <SubTypeId>25</SubTypeId>
      <SubTypeCode>J. SUI</SubTypeCode>
      <SubTypeDescription>Junior Suite Jacuzzi</SubTypeDescription>
      <Guest>RUSSO GIUSEPPE</Guest>
      <GuestNumbers>1</GuestNumbers>
    </Reservation>
  </Reservations>
  <Attachments></Attachments>
</Bill>