<Bill>
  <FileInformation>
    <Type>DOC</Type>
    <Version>15</Version>
    <ExportDate>2025-07-13T19:54:34Z</ExportDate>
    <Cancellation>No</Cancellation>
    <Seller>
      <Identification>1</Identification>
      <Description>Azienda 0001</Description>
      <ProfileName>SIAT Srl</ProfileName>
      <VATCode>00143850832</VATCode>
      <CompanyRegNumber>00143850832</CompanyRegNumber>
      <Address>Località Porto delle Genti</Address>
      <City>Lipari</City>
      <Zip>98055</Zip>
      <County>ME</County>
      <Country>Italia</Country>
      <Telephone>0909811605</Telephone>
      <Email>info@carasco.org</Email>
      <Fax>0909811605</Fax>
    </Seller>
  </FileInformation>
  <Head>
    <Terminal>
      <Identification>6</Identification>
      <Description>Reception1</Description>
      <ExternalCode1></ExternalCode1>
      <ExternalCode2></ExternalCode2>
    </Terminal>
    <Operator>
      <Identification>15</Identification>
      <Description>Veronica</Description>
    </Operator>
    <IdentificationTerminal>6</IdentificationTerminal>
    <Identification>1151</Identification>
    <Date>2025-07-13T19:53:46Z</Date>
    <ManagementDate>2025-07-13T00:00:00Z</ManagementDate>
    <Number>36</Number>
    <ExternalCode1></ExternalCode1>
    <ExternalCode2></ExternalCode2>
    <ExternalCode3></ExternalCode3>
    <ExternalCode4></ExternalCode4>
    <ExternalCode5></ExternalCode5>
    <ExternalCode6></ExternalCode6>
    <ExternalCode7></ExternalCode7>
    <ExternalCode8></ExternalCode8>
    <NotCollectTax>N</NotCollectTax>
    <CurrencyIsoCode>EUR</CurrencyIsoCode>
    <BillingMethod>
      <Identification>2</Identification>
      <Code>FA</Code>
      <Description>Fattura</Description>
      <Features>
        <Feature>1</Feature>
      </Features>
    </BillingMethod>
    <AccountReceivable>
      <Identification>2</Identification>
      <Code>FA</Code>
      <Description>Fattura</Description>
      <ExternalCode></ExternalCode>
      <ExternalCode2></ExternalCode2>
      <CalculationType>0</CalculationType>
    </AccountReceivable>
    <Customer>
      <Identification>1830</Identification>
      <ExternalCode></ExternalCode>
      <ExternalCode2></ExternalCode2>
      <ProfileName>Rb Consulting S.R.L.</ProfileName>
      <Surname>Rb Consulting S.R.L.</Surname>
      <FirstName></FirstName>
      <VATCode>17044041006</VATCode>
      <RecipientCode>KRRH6B9</RecipientCode>
      <CertifiedMail></CertifiedMail>
      <CompanyRegNumber>17044041006</CompanyRegNumber>
      <Address>Via Crescenzio, 25</Address>
      <City>
        <Identification>142104</Identification>
        <Description>ROMA</Description>
        <Zip>00193</Zip>
        <ExternalCode1>412058091</ExternalCode1>
        <ExternalCode2>412058091</ExternalCode2>
        <ExternalCode3></ExternalCode3>
      </City>
      <County>
        <Identification>183</Identification>
        <Code>RM</Code>
        <Description>Roma</Description>
        <ExternalCode1></ExternalCode1>
        <ExternalCode2></ExternalCode2>
        <ExternalCode3></ExternalCode3>
      </County>
      <State>
        <Identification>38</Identification>
        <Code>LA</Code>
        <Description>Lazio</Description>
        <ExternalCode1></ExternalCode1>
        <ExternalCode2></ExternalCode2>
        <ExternalCode3></ExternalCode3>
      </State>
      <Country>
        <Identification>3780</Identification>
        <Code>IT</Code>
        <Description>Italia</Description>
        <ExternalCode1>100000100</ExternalCode1>
        <ExternalCode2></ExternalCode2>
        <ExternalCode3></ExternalCode3>
        <GroupCountry>
          <Identification>0</Identification>
          <Code></Code>
          <Description></Description>
          <ExternalCode1></ExternalCode1>
          <ExternalCode2></ExternalCode2>
          <ExternalCode3></ExternalCode3>
        </GroupCountry>
      </Country>
      <ProtocolIntent></ProtocolIntent>
      <IntentDate></IntentDate>
      <IDDocument>
        <Identification>0</Identification>
        <Code></Code>
        <ExternalCode></ExternalCode>
        <Description></Description>
        <Number></Number>
        <Date>1899-12-31</Date>
      </IDDocument>
    </Customer>
    <CreditNote>No</CreditNote>
    <DisplayOptions>
      <Option>Retta</Option>
      <Option>MostraRetteRaggruppate</Option>
      <Option>PrezzoGiornaliero</Option>
      <Option>CastellettoTasse</Option>
      <Option>NonVisualizzareDettagliRiepilogo</Option>
      <Option>SchedeMultipleAccorpaSoggiorni</Option>
      <Option>Mancia</Option>
      <Option>SchedeMultipleSeparaAddebiti</Option>
      <Option>SottotipoRisorsaRichiesta</Option>
      <Option>NonVisualizzarePrezzi</Option>
      <Option>RiclassificazioneLivelliRicavo</Option>
      <Option>ManciaIncassata</Option>
      <Option>NoteMovimentoCassa</Option>
      <Option>DataMovimentoCassa</Option>
      <Option>EliminaRigheVuote</Option>
      <Option>NoteDocumento</Option>
      <Option>NumeroCoperti_OBSOLETO</Option>
      <Option>NoteAggiuntiveTipiDocumento</Option>
    </DisplayOptions>
    <Notes></Notes>
    <OriginalDocumentData>
      <Identification></Identification>
      <Date></Date>
      <ManagementDate></ManagementDate>
      <Number></Number>
    </OriginalDocumentData>
  </Head>
  <Charges>
    <Charge>
      <Identification>66487</Identification>
      <Date>2025-07-08T00:00:00Z</Date>
      <ManagementDate>2025-07-11T00:00:00Z</ManagementDate>
      <Workstation>
        <Identification>6</Identification>
        <Code>RC1</Code>
        <Name>Reception1</Name>
        <ExternalCode1></ExternalCode1>
        <ExternalCode2></ExternalCode2>
      </Workstation>
      <Description>Colazione</Description>
      <MeasureUnit>
        <Id>0</Id>
        <Code></Code>
        <Description></Description>
        <ExternalCode></ExternalCode>
      </MeasureUnit>
      <ExcludeFromTheBill>No</ExcludeFromTheBill>
      <SplittedBillCharge>No</SplittedBillCharge>
      <SummarizedDocument>No</SummarizedDocument>
      <SummarizedDocumentData>
        <Identification>0</Identification>
        <Date></Date>
        <ManagementDate></ManagementDate>
        <Number>0</Number>
      </SummarizedDocumentData>
      <SummarizedDocumentBillingMethod>
        <Identification>0</Identification>
        <Code></Code>
        <Description></Description>
      </SummarizedDocumentBillingMethod>
      <SummarizedDocumentAccountReceivable>
        <Identification>0</Identification>
        <Code></Code>
        <Description></Description>
        <ExternalCode></ExternalCode>
        <ExternalCode2></ExternalCode2>
        <CalculationType></CalculationType>
      </SummarizedDocumentAccountReceivable>
      <OriginalDocumentData>
        <ChargeIdentification>0</ChargeIdentification>
        <Identification>0</Identification>
        <Date></Date>
        <ManagementDate></ManagementDate>
        <Number>0</Number>
      </OriginalDocumentData>
      <OriginalDocumentBillingMethod>
        <Identification>0</Identification>
        <Code></Code>
        <Description></Description>
      </OriginalDocumentBillingMethod>
      <OriginalDocumentAccountReceivable>
        <Identification>0</Identification>
        <Code></Code>
        <Description></Description>
        <ExternalCode></ExternalCode>
        <ExternalCode2></ExternalCode2>
        <CalculationType></CalculationType>
      </OriginalDocumentAccountReceivable>
      <UsedDownpaymentDocument>No</UsedDownpaymentDocument>
      <UsedDownpaymentDocumentData>
        <Identification>0</Identification>
        <Date></Date>
        <ManagementDate></ManagementDate>
        <Number>0</Number>
      </UsedDownpaymentDocumentData>
      <UsedDownpaymentDocumentBillingMethod>
        <Identification>0</Identification>
        <Code></Code>
        <Description></Description>
      </UsedDownpaymentDocumentBillingMethod>
      <UsedDownpaymentDocumentAccountReceivable>
        <Identification>0</Identification>
        <Code></Code>
        <Description></Description>
        <ExternalCode></ExternalCode>
        <ExternalCode2></ExternalCode2>
        <CalculationType></CalculationType>
      </UsedDownpaymentDocumentAccountReceivable>
      <Value>
        <Identification>18</Identification>
        <Code>EUR</Code>
        <Description>Euro</Description>
        <IsoCode>EUR</IsoCode>
        <Change>1.0000000000</Change>
      </Value>
      <Currency>
        <Identification>18</Identification>
        <Code>EUR</Code>
        <Description>Euro</Description>
        <IsoCode>EUR</IsoCode>
        <Change>1.0000000000</Change>
        <AmountCompanyCurrency>20.00</AmountCompanyCurrency>
      </Currency>
      <ReservationId>1952</ReservationId>
      <UnitPrice>10.00</UnitPrice>
      <Quantity>2</Quantity>
      <Weight>0</Weight>
      <VAT>1.82</VAT>
      <VATRate>10.00</VATRate>
      <VATExternalCode></VATExternalCode>
      <VATExternalCode2></VATExternalCode2>
      <VATExternalCode3></VATExternalCode3>
      <VATDetail>
        <Identification>1</Identification>
        <Code>10</Code>
        <Description>10%</Description>
        <Rate>10.00</Rate>
        <ExternalCode1></ExternalCode1>
        <ExternalCode2></ExternalCode2>
        <ExternalCode3></ExternalCode3>
      </VATDetail>
      <ProductionValueDiscount>0.00</ProductionValueDiscount>
      <DocumentValueDiscount>0.00</DocumentValueDiscount>
      <TotalValueDiscount>0.00</TotalValueDiscount>
      <GrossTotal>20.00</GrossTotal>
      <NetTotal>18.18</NetTotal>
      <SellItemModifier>
        <Identification>0</Identification>
        <Code></Code>
        <Description></Description>
      </SellItemModifier>
      <SellItem>
        <Identification>6</Identification>
        <Code>COL</Code>
        <Description>Colazione</Description>
        <ExternalCode></ExternalCode>
        <ExternalCode2></ExternalCode2>
      </SellItem>
      <RevenueLevel>
        <Identification>7</Identification>
        <Description>Arrangiamenti Ristoarnte Individuali</Description>
        <Code>ARI</Code>
        <ExternalCode1></ExternalCode1>
        <ExternalCode2></ExternalCode2>
      </RevenueLevel>
      <SalesLevel>
        <Identification>0</Identification>
        <Code></Code>
        <Description></Description>
        <ExternalCode></ExternalCode>
        <ExternalCode2></ExternalCode2>
      </SalesLevel>
      <Changes />
      <Commissions />
      <Resource>
        <Identification>43</Identification>
        <Code>207</Code>
        <Description>207</Description>
        <ExternalCode1></ExternalCode1>
        <ExternalCode2></ExternalCode2>
      </Resource>
    </Charge>
    <Charge>
      <Identification>66488</Identification>
      <Date>2025-07-08T00:00:00Z</Date>
      <ManagementDate>2025-07-11T00:00:00Z</ManagementDate>
      <Workstation>
        <Identification>6</Identification>
        <Code>RC1</Code>
        <Name>Reception1</Name>
        <ExternalCode1></ExternalCode1>
        <ExternalCode2></ExternalCode2>
      </Workstation>
      <Description>Camera</Description>
      <MeasureUnit>
        <Id>0</Id>
        <Code></Code>
        <Description></Description>
        <ExternalCode></ExternalCode>
      </MeasureUnit>
      <ExcludeFromTheBill>No</ExcludeFromTheBill>
      <SplittedBillCharge>No</SplittedBillCharge>
      <SummarizedDocument>No</SummarizedDocument>
      <SummarizedDocumentData>
        <Identification>0</Identification>
        <Date></Date>
        <ManagementDate></ManagementDate>
        <Number>0</Number>
      </SummarizedDocumentData>
      <SummarizedDocumentBillingMethod>
        <Identification>0</Identification>
        <Code></Code>
        <Description></Description>
      </SummarizedDocumentBillingMethod>
      <SummarizedDocumentAccountReceivable>
        <Identification>0</Identification>
        <Code></Code>
        <Description></Description>
        <ExternalCode></ExternalCode>
        <ExternalCode2></ExternalCode2>
        <CalculationType></CalculationType>
      </SummarizedDocumentAccountReceivable>
      <OriginalDocumentData>
        <ChargeIdentification>0</ChargeIdentification>
        <Identification>0</Identification>
        <Date></Date>
        <ManagementDate></ManagementDate>
        <Number>0</Number>
      </OriginalDocumentData>
      <OriginalDocumentBillingMethod>
        <Identification>0</Identification>
        <Code></Code>
        <Description></Description>
      </OriginalDocumentBillingMethod>
      <OriginalDocumentAccountReceivable>
        <Identification>0</Identification>
        <Code></Code>
        <Description></Description>
        <ExternalCode></ExternalCode>
        <ExternalCode2></ExternalCode2>
        <CalculationType></CalculationType>
      </OriginalDocumentAccountReceivable>
      <UsedDownpaymentDocument>No</UsedDownpaymentDocument>
      <UsedDownpaymentDocumentData>
        <Identification>0</Identification>
        <Date></Date>
        <ManagementDate></ManagementDate>
        <Number>0</Number>
      </UsedDownpaymentDocumentData>
      <UsedDownpaymentDocumentBillingMethod>
        <Identification>0</Identification>
        <Code></Code>
        <Description></Description>
      </UsedDownpaymentDocumentBillingMethod>
      <UsedDownpaymentDocumentAccountReceivable>
        <Identification>0</Identification>
        <Code></Code>
        <Description></Description>
        <ExternalCode></ExternalCode>
        <ExternalCode2></ExternalCode2>
        <CalculationType></CalculationType>
      </UsedDownpaymentDocumentAccountReceivable>
      <Value>
        <Identification>18</Identification>
        <Code>EUR</Code>
        <Description>Euro</Description>
        <IsoCode>EUR</IsoCode>
        <Change>1.0000000000</Change>
      </Value>
      <Currency>
        <Identification>18</Identification>
        <Code>EUR</Code>
        <Description>Euro</Description>
        <IsoCode>EUR</IsoCode>
        <Change>1.0000000000</Change>
        <AmountCompanyCurrency>120.00</AmountCompanyCurrency>
      </Currency>
      <ReservationId>1952</ReservationId>
      <UnitPrice>60.00</UnitPrice>
      <Quantity>2</Quantity>
      <Weight>0</Weight>
      <VAT>10.91</VAT>
      <VATRate>10.00</VATRate>
      <VATExternalCode></VATExternalCode>
      <VATExternalCode2></VATExternalCode2>
      <VATExternalCode3></VATExternalCode3>
      <VATDetail>
        <Identification>1</Identification>
        <Code>10</Code>
        <Description>10%</Description>
        <Rate>10.00</Rate>
        <ExternalCode1></ExternalCode1>
        <ExternalCode2></ExternalCode2>
        <ExternalCode3></ExternalCode3>
      </VATDetail>
      <ProductionValueDiscount>0.00</ProductionValueDiscount>
      <DocumentValueDiscount>0.00</DocumentValueDiscount>
      <TotalValueDiscount>0.00</TotalValueDiscount>
      <GrossTotal>120.00</GrossTotal>
      <NetTotal>109.09</NetTotal>
      <SellItemModifier>
        <Identification>0</Identification>
        <Code></Code>
        <Description></Description>
      </SellItemModifier>
      <SellItem>
        <Identification>5</Identification>
        <Code>CAMPAX</Code>
        <Description>Camera</Description>
        <ExternalCode></ExternalCode>
        <ExternalCode2></ExternalCode2>
      </SellItem>
      <RevenueLevel>
        <Identification>3</Identification>
        <Description>Arrangiamenti Camera Individuali</Description>
        <Code>ARRIN</Code>
        <ExternalCode1></ExternalCode1>
        <ExternalCode2></ExternalCode2>
      </RevenueLevel>
      <SalesLevel>
        <Identification>0</Identification>
        <Code></Code>
        <Description></Description>
        <ExternalCode></ExternalCode>
        <ExternalCode2></ExternalCode2>
      </SalesLevel>
      <Changes />
      <Commissions />
      <Resource>
        <Identification>43</Identification>
        <Code>207</Code>
        <Description>207</Description>
        <ExternalCode1></ExternalCode1>
        <ExternalCode2></ExternalCode2>
      </Resource>
    </Charge>
    <Charge>
      <Identification>66489</Identification>
      <Date>2025-07-08T00:00:00Z</Date>
      <ManagementDate>2025-07-12T00:00:00Z</ManagementDate>
      <Workstation>
        <Identification>6</Identification>
        <Code>RC1</Code>
        <Name>Reception1</Name>
        <ExternalCode1></ExternalCode1>
        <ExternalCode2></ExternalCode2>
      </Workstation>
      <Description>Colazione</Description>
      <MeasureUnit>
        <Id>0</Id>
        <Code></Code>
        <Description></Description>
        <ExternalCode></ExternalCode>
      </MeasureUnit>
      <ExcludeFromTheBill>No</ExcludeFromTheBill>
      <SplittedBillCharge>No</SplittedBillCharge>
      <SummarizedDocument>No</SummarizedDocument>
      <SummarizedDocumentData>
        <Identification>0</Identification>
        <Date></Date>
        <ManagementDate></ManagementDate>
        <Number>0</Number>
      </SummarizedDocumentData>
      <SummarizedDocumentBillingMethod>
        <Identification>0</Identification>
        <Code></Code>
        <Description></Description>
      </SummarizedDocumentBillingMethod>
      <SummarizedDocumentAccountReceivable>
        <Identification>0</Identification>
        <Code></Code>
        <Description></Description>
        <ExternalCode></ExternalCode>
        <ExternalCode2></ExternalCode2>
        <CalculationType></CalculationType>
      </SummarizedDocumentAccountReceivable>
      <OriginalDocumentData>
        <ChargeIdentification>0</ChargeIdentification>
        <Identification>0</Identification>
        <Date></Date>
        <ManagementDate></ManagementDate>
        <Number>0</Number>
      </OriginalDocumentData>
      <OriginalDocumentBillingMethod>
        <Identification>0</Identification>
        <Code></Code>
        <Description></Description>
      </OriginalDocumentBillingMethod>
      <OriginalDocumentAccountReceivable>
        <Identification>0</Identification>
        <Code></Code>
        <Description></Description>
        <ExternalCode></ExternalCode>
        <ExternalCode2></ExternalCode2>
        <CalculationType></CalculationType>
      </OriginalDocumentAccountReceivable>
      <UsedDownpaymentDocument>No</UsedDownpaymentDocument>
      <UsedDownpaymentDocumentData>
        <Identification>0</Identification>
        <Date></Date>
        <ManagementDate></ManagementDate>
        <Number>0</Number>
      </UsedDownpaymentDocumentData>
      <UsedDownpaymentDocumentBillingMethod>
        <Identification>0</Identification>
        <Code></Code>
        <Description></Description>
      </UsedDownpaymentDocumentBillingMethod>
      <UsedDownpaymentDocumentAccountReceivable>
        <Identification>0</Identification>
        <Code></Code>
        <Description></Description>
        <ExternalCode></ExternalCode>
        <ExternalCode2></ExternalCode2>
        <CalculationType></CalculationType>
      </UsedDownpaymentDocumentAccountReceivable>
      <Value>
        <Identification>18</Identification>
        <Code>EUR</Code>
        <Description>Euro</Description>
        <IsoCode>EUR</IsoCode>
        <Change>1.0000000000</Change>
      </Value>
      <Currency>
        <Identification>18</Identification>
        <Code>EUR</Code>
        <Description>Euro</Description>
        <IsoCode>EUR</IsoCode>
        <Change>1.0000000000</Change>
        <AmountCompanyCurrency>20.00</AmountCompanyCurrency>
      </Currency>
      <ReservationId>1952</ReservationId>
      <UnitPrice>10.00</UnitPrice>
      <Quantity>2</Quantity>
      <Weight>0</Weight>
      <VAT>1.82</VAT>
      <VATRate>10.00</VATRate>
      <VATExternalCode></VATExternalCode>
      <VATExternalCode2></VATExternalCode2>
      <VATExternalCode3></VATExternalCode3>
      <VATDetail>
        <Identification>1</Identification>
        <Code>10</Code>
        <Description>10%</Description>
        <Rate>10.00</Rate>
        <ExternalCode1></ExternalCode1>
        <ExternalCode2></ExternalCode2>
        <ExternalCode3></ExternalCode3>
      </VATDetail>
      <ProductionValueDiscount>0.00</ProductionValueDiscount>
      <DocumentValueDiscount>0.00</DocumentValueDiscount>
      <TotalValueDiscount>0.00</TotalValueDiscount>
      <GrossTotal>20.00</GrossTotal>
      <NetTotal>18.18</NetTotal>
      <SellItemModifier>
        <Identification>0</Identification>
        <Code></Code>
        <Description></Description>
      </SellItemModifier>
      <SellItem>
        <Identification>6</Identification>
        <Code>COL</Code>
        <Description>Colazione</Description>
        <ExternalCode></ExternalCode>
        <ExternalCode2></ExternalCode2>
      </SellItem>
      <RevenueLevel>
        <Identification>7</Identification>
        <Description>Arrangiamenti Ristoarnte Individuali</Description>
        <Code>ARI</Code>
        <ExternalCode1></ExternalCode1>
        <ExternalCode2></ExternalCode2>
      </RevenueLevel>
      <SalesLevel>
        <Identification>0</Identification>
        <Code></Code>
        <Description></Description>
        <ExternalCode></ExternalCode>
        <ExternalCode2></ExternalCode2>
      </SalesLevel>
      <Changes />
      <Commissions />
      <Resource>
        <Identification>43</Identification>
        <Code>207</Code>
        <Description>207</Description>
        <ExternalCode1></ExternalCode1>
        <ExternalCode2></ExternalCode2>
      </Resource>
    </Charge>
    <Charge>
      <Identification>66490</Identification>
      <Date>2025-07-08T00:00:00Z</Date>
      <ManagementDate>2025-07-12T00:00:00Z</ManagementDate>
      <Workstation>
        <Identification>6</Identification>
        <Code>RC1</Code>
        <Name>Reception1</Name>
        <ExternalCode1></ExternalCode1>
        <ExternalCode2></ExternalCode2>
      </Workstation>
      <Description>Camera</Description>
      <MeasureUnit>
        <Id>0</Id>
        <Code></Code>
        <Description></Description>
        <ExternalCode></ExternalCode>
      </MeasureUnit>
      <ExcludeFromTheBill>No</ExcludeFromTheBill>
      <SplittedBillCharge>No</SplittedBillCharge>
      <SummarizedDocument>No</SummarizedDocument>
      <SummarizedDocumentData>
        <Identification>0</Identification>
        <Date></Date>
        <ManagementDate></ManagementDate>
        <Number>0</Number>
      </SummarizedDocumentData>
      <SummarizedDocumentBillingMethod>
        <Identification>0</Identification>
        <Code></Code>
        <Description></Description>
      </SummarizedDocumentBillingMethod>
      <SummarizedDocumentAccountReceivable>
        <Identification>0</Identification>
        <Code></Code>
        <Description></Description>
        <ExternalCode></ExternalCode>
        <ExternalCode2></ExternalCode2>
        <CalculationType></CalculationType>
      </SummarizedDocumentAccountReceivable>
      <OriginalDocumentData>
        <ChargeIdentification>0</ChargeIdentification>
        <Identification>0</Identification>
        <Date></Date>
        <ManagementDate></ManagementDate>
        <Number>0</Number>
      </OriginalDocumentData>
      <OriginalDocumentBillingMethod>
        <Identification>0</Identification>
        <Code></Code>
        <Description></Description>
      </OriginalDocumentBillingMethod>
      <OriginalDocumentAccountReceivable>
        <Identification>0</Identification>
        <Code></Code>
        <Description></Description>
        <ExternalCode></ExternalCode>
        <ExternalCode2></ExternalCode2>
        <CalculationType></CalculationType>
      </OriginalDocumentAccountReceivable>
      <UsedDownpaymentDocument>No</UsedDownpaymentDocument>
      <UsedDownpaymentDocumentData>
        <Identification>0</Identification>
        <Date></Date>
        <ManagementDate></ManagementDate>
        <Number>0</Number>
      </UsedDownpaymentDocumentData>
      <UsedDownpaymentDocumentBillingMethod>
        <Identification>0</Identification>
        <Code></Code>
        <Description></Description>
      </UsedDownpaymentDocumentBillingMethod>
      <UsedDownpaymentDocumentAccountReceivable>
        <Identification>0</Identification>
        <Code></Code>
        <Description></Description>
        <ExternalCode></ExternalCode>
        <ExternalCode2></ExternalCode2>
        <CalculationType></CalculationType>
      </UsedDownpaymentDocumentAccountReceivable>
      <Value>
        <Identification>18</Identification>
        <Code>EUR</Code>
        <Description>Euro</Description>
        <IsoCode>EUR</IsoCode>
        <Change>1.0000000000</Change>
      </Value>
      <Currency>
        <Identification>18</Identification>
        <Code>EUR</Code>
        <Description>Euro</Description>
        <IsoCode>EUR</IsoCode>
        <Change>1.0000000000</Change>
        <AmountCompanyCurrency>120.00</AmountCompanyCurrency>
      </Currency>
      <ReservationId>1952</ReservationId>
      <UnitPrice>60.00</UnitPrice>
      <Quantity>2</Quantity>
      <Weight>0</Weight>
      <VAT>10.91</VAT>
      <VATRate>10.00</VATRate>
      <VATExternalCode></VATExternalCode>
      <VATExternalCode2></VATExternalCode2>
      <VATExternalCode3></VATExternalCode3>
      <VATDetail>
        <Identification>1</Identification>
        <Code>10</Code>
        <Description>10%</Description>
        <Rate>10.00</Rate>
        <ExternalCode1></ExternalCode1>
        <ExternalCode2></ExternalCode2>
        <ExternalCode3></ExternalCode3>
      </VATDetail>
      <ProductionValueDiscount>0.00</ProductionValueDiscount>
      <DocumentValueDiscount>0.00</DocumentValueDiscount>
      <TotalValueDiscount>0.00</TotalValueDiscount>
      <GrossTotal>120.00</GrossTotal>
      <NetTotal>109.09</NetTotal>
      <SellItemModifier>
        <Identification>0</Identification>
        <Code></Code>
        <Description></Description>
      </SellItemModifier>
      <SellItem>
        <Identification>5</Identification>
        <Code>CAMPAX</Code>
        <Description>Camera</Description>
        <ExternalCode></ExternalCode>
        <ExternalCode2></ExternalCode2>
      </SellItem>
      <RevenueLevel>
        <Identification>3</Identification>
        <Description>Arrangiamenti Camera Individuali</Description>
        <Code>ARRIN</Code>
        <ExternalCode1></ExternalCode1>
        <ExternalCode2></ExternalCode2>
      </RevenueLevel>
      <SalesLevel>
        <Identification>0</Identification>
        <Code></Code>
        <Description></Description>
        <ExternalCode></ExternalCode>
        <ExternalCode2></ExternalCode2>
      </SalesLevel>
      <Changes />
      <Commissions />
      <Resource>
        <Identification>43</Identification>
        <Code>207</Code>
        <Description>207</Description>
        <ExternalCode1></ExternalCode1>
        <ExternalCode2></ExternalCode2>
      </Resource>
    </Charge>
    <Charge>
      <Identification>66491</Identification>
      <Date>2025-07-08T00:00:00Z</Date>
      <ManagementDate>2025-07-13T00:00:00Z</ManagementDate>
      <Workstation>
        <Identification>6</Identification>
        <Code>RC1</Code>
        <Name>Reception1</Name>
        <ExternalCode1></ExternalCode1>
        <ExternalCode2></ExternalCode2>
      </Workstation>
      <Description>Colazione</Description>
      <MeasureUnit>
        <Id>0</Id>
        <Code></Code>
        <Description></Description>
        <ExternalCode></ExternalCode>
      </MeasureUnit>
      <ExcludeFromTheBill>No</ExcludeFromTheBill>
      <SplittedBillCharge>No</SplittedBillCharge>
      <SummarizedDocument>No</SummarizedDocument>
      <SummarizedDocumentData>
        <Identification>0</Identification>
        <Date></Date>
        <ManagementDate></ManagementDate>
        <Number>0</Number>
      </SummarizedDocumentData>
      <SummarizedDocumentBillingMethod>
        <Identification>0</Identification>
        <Code></Code>
        <Description></Description>
      </SummarizedDocumentBillingMethod>
      <SummarizedDocumentAccountReceivable>
        <Identification>0</Identification>
        <Code></Code>
        <Description></Description>
        <ExternalCode></ExternalCode>
        <ExternalCode2></ExternalCode2>
        <CalculationType></CalculationType>
      </SummarizedDocumentAccountReceivable>
      <OriginalDocumentData>
        <ChargeIdentification>0</ChargeIdentification>
        <Identification>0</Identification>
        <Date></Date>
        <ManagementDate></ManagementDate>
        <Number>0</Number>
      </OriginalDocumentData>
      <OriginalDocumentBillingMethod>
        <Identification>0</Identification>
        <Code></Code>
        <Description></Description>
      </OriginalDocumentBillingMethod>
      <OriginalDocumentAccountReceivable>
        <Identification>0</Identification>
        <Code></Code>
        <Description></Description>
        <ExternalCode></ExternalCode>
        <ExternalCode2></ExternalCode2>
        <CalculationType></CalculationType>
      </OriginalDocumentAccountReceivable>
      <UsedDownpaymentDocument>No</UsedDownpaymentDocument>
      <UsedDownpaymentDocumentData>
        <Identification>0</Identification>
        <Date></Date>
        <ManagementDate></ManagementDate>
        <Number>0</Number>
      </UsedDownpaymentDocumentData>
      <UsedDownpaymentDocumentBillingMethod>
        <Identification>0</Identification>
        <Code></Code>
        <Description></Description>
      </UsedDownpaymentDocumentBillingMethod>
      <UsedDownpaymentDocumentAccountReceivable>
        <Identification>0</Identification>
        <Code></Code>
        <Description></Description>
        <ExternalCode></ExternalCode>
        <ExternalCode2></ExternalCode2>
        <CalculationType></CalculationType>
      </UsedDownpaymentDocumentAccountReceivable>
      <Value>
        <Identification>18</Identification>
        <Code>EUR</Code>
        <Description>Euro</Description>
        <IsoCode>EUR</IsoCode>
        <Change>1.0000000000</Change>
      </Value>
      <Currency>
        <Identification>18</Identification>
        <Code>EUR</Code>
        <Description>Euro</Description>
        <IsoCode>EUR</IsoCode>
        <Change>1.0000000000</Change>
        <AmountCompanyCurrency>20.00</AmountCompanyCurrency>
      </Currency>
      <ReservationId>1952</ReservationId>
      <UnitPrice>10.00</UnitPrice>
      <Quantity>2</Quantity>
      <Weight>0</Weight>
      <VAT>1.82</VAT>
      <VATRate>10.00</VATRate>
      <VATExternalCode></VATExternalCode>
      <VATExternalCode2></VATExternalCode2>
      <VATExternalCode3></VATExternalCode3>
      <VATDetail>
        <Identification>1</Identification>
        <Code>10</Code>
        <Description>10%</Description>
        <Rate>10.00</Rate>
        <ExternalCode1></ExternalCode1>
        <ExternalCode2></ExternalCode2>
        <ExternalCode3></ExternalCode3>
      </VATDetail>
      <ProductionValueDiscount>0.00</ProductionValueDiscount>
      <DocumentValueDiscount>0.00</DocumentValueDiscount>
      <TotalValueDiscount>0.00</TotalValueDiscount>
      <GrossTotal>20.00</GrossTotal>
      <NetTotal>18.18</NetTotal>
      <SellItemModifier>
        <Identification>0</Identification>
        <Code></Code>
        <Description></Description>
      </SellItemModifier>
      <SellItem>
        <Identification>6</Identification>
        <Code>COL</Code>
        <Description>Colazione</Description>
        <ExternalCode></ExternalCode>
        <ExternalCode2></ExternalCode2>
      </SellItem>
      <RevenueLevel>
        <Identification>7</Identification>
        <Description>Arrangiamenti Ristoarnte Individuali</Description>
        <Code>ARI</Code>
        <ExternalCode1></ExternalCode1>
        <ExternalCode2></ExternalCode2>
      </RevenueLevel>
      <SalesLevel>
        <Identification>0</Identification>
        <Code></Code>
        <Description></Description>
        <ExternalCode></ExternalCode>
        <ExternalCode2></ExternalCode2>
      </SalesLevel>
      <Changes />
      <Commissions />
      <Resource>
        <Identification>43</Identification>
        <Code>207</Code>
        <Description>207</Description>
        <ExternalCode1></ExternalCode1>
        <ExternalCode2></ExternalCode2>
      </Resource>
    </Charge>
    <Charge>
      <Identification>66492</Identification>
      <Date>2025-07-08T00:00:00Z</Date>
      <ManagementDate>2025-07-13T00:00:00Z</ManagementDate>
      <Workstation>
        <Identification>6</Identification>
        <Code>RC1</Code>
        <Name>Reception1</Name>
        <ExternalCode1></ExternalCode1>
        <ExternalCode2></ExternalCode2>
      </Workstation>
      <Description>Camera</Description>
      <MeasureUnit>
        <Id>0</Id>
        <Code></Code>
        <Description></Description>
        <ExternalCode></ExternalCode>
      </MeasureUnit>
      <ExcludeFromTheBill>No</ExcludeFromTheBill>
      <SplittedBillCharge>No</SplittedBillCharge>
      <SummarizedDocument>No</SummarizedDocument>
      <SummarizedDocumentData>
        <Identification>0</Identification>
        <Date></Date>
        <ManagementDate></ManagementDate>
        <Number>0</Number>
      </SummarizedDocumentData>
      <SummarizedDocumentBillingMethod>
        <Identification>0</Identification>
        <Code></Code>
        <Description></Description>
      </SummarizedDocumentBillingMethod>
      <SummarizedDocumentAccountReceivable>
        <Identification>0</Identification>
        <Code></Code>
        <Description></Description>
        <ExternalCode></ExternalCode>
        <ExternalCode2></ExternalCode2>
        <CalculationType></CalculationType>
      </SummarizedDocumentAccountReceivable>
      <OriginalDocumentData>
        <ChargeIdentification>0</ChargeIdentification>
        <Identification>0</Identification>
        <Date></Date>
        <ManagementDate></ManagementDate>
        <Number>0</Number>
      </OriginalDocumentData>
      <OriginalDocumentBillingMethod>
        <Identification>0</Identification>
        <Code></Code>
        <Description></Description>
      </OriginalDocumentBillingMethod>
      <OriginalDocumentAccountReceivable>
        <Identification>0</Identification>
        <Code></Code>
        <Description></Description>
        <ExternalCode></ExternalCode>
        <ExternalCode2></ExternalCode2>
        <CalculationType></CalculationType>
      </OriginalDocumentAccountReceivable>
      <UsedDownpaymentDocument>No</UsedDownpaymentDocument>
      <UsedDownpaymentDocumentData>
        <Identification>0</Identification>
        <Date></Date>
        <ManagementDate></ManagementDate>
        <Number>0</Number>
      </UsedDownpaymentDocumentData>
      <UsedDownpaymentDocumentBillingMethod>
        <Identification>0</Identification>
        <Code></Code>
        <Description></Description>
      </UsedDownpaymentDocumentBillingMethod>
      <UsedDownpaymentDocumentAccountReceivable>
        <Identification>0</Identification>
        <Code></Code>
        <Description></Description>
        <ExternalCode></ExternalCode>
        <ExternalCode2></ExternalCode2>
        <CalculationType></CalculationType>
      </UsedDownpaymentDocumentAccountReceivable>
      <Value>
        <Identification>18</Identification>
        <Code>EUR</Code>
        <Description>Euro</Description>
        <IsoCode>EUR</IsoCode>
        <Change>1.0000000000</Change>
      </Value>
      <Currency>
        <Identification>18</Identification>
        <Code>EUR</Code>
        <Description>Euro</Description>
        <IsoCode>EUR</IsoCode>
        <Change>1.0000000000</Change>
        <AmountCompanyCurrency>120.00</AmountCompanyCurrency>
      </Currency>
      <ReservationId>1952</ReservationId>
      <UnitPrice>60.00</UnitPrice>
      <Quantity>2</Quantity>
      <Weight>0</Weight>
      <VAT>10.91</VAT>
      <VATRate>10.00</VATRate>
      <VATExternalCode></VATExternalCode>
      <VATExternalCode2></VATExternalCode2>
      <VATExternalCode3></VATExternalCode3>
      <VATDetail>
        <Identification>1</Identification>
        <Code>10</Code>
        <Description>10%</Description>
        <Rate>10.00</Rate>
        <ExternalCode1></ExternalCode1>
        <ExternalCode2></ExternalCode2>
        <ExternalCode3></ExternalCode3>
      </VATDetail>
      <ProductionValueDiscount>0.00</ProductionValueDiscount>
      <DocumentValueDiscount>0.00</DocumentValueDiscount>
      <TotalValueDiscount>0.00</TotalValueDiscount>
      <GrossTotal>120.00</GrossTotal>
      <NetTotal>109.09</NetTotal>
      <SellItemModifier>
        <Identification>0</Identification>
        <Code></Code>
        <Description></Description>
      </SellItemModifier>
      <SellItem>
        <Identification>5</Identification>
        <Code>CAMPAX</Code>
        <Description>Camera</Description>
        <ExternalCode></ExternalCode>
        <ExternalCode2></ExternalCode2>
      </SellItem>
      <RevenueLevel>
        <Identification>3</Identification>
        <Description>Arrangiamenti Camera Individuali</Description>
        <Code>ARRIN</Code>
        <ExternalCode1></ExternalCode1>
        <ExternalCode2></ExternalCode2>
      </RevenueLevel>
      <SalesLevel>
        <Identification>0</Identification>
        <Code></Code>
        <Description></Description>
        <ExternalCode></ExternalCode>
        <ExternalCode2></ExternalCode2>
      </SalesLevel>
      <Changes />
      <Commissions />
      <Resource>
        <Identification>43</Identification>
        <Code>207</Code>
        <Description>207</Description>
        <ExternalCode1></ExternalCode1>
        <ExternalCode2></ExternalCode2>
      </Resource>
    </Charge>
    <Charge>
      <Identification>67948</Identification>
      <Date>2025-07-11T00:00:00Z</Date>
      <ManagementDate>2025-07-11T23:20:24Z</ManagementDate>
      <Workstation>
        <Identification>12</Identification>
        <Code>B1</Code>
        <Name>B1</Name>
        <ExternalCode1></ExternalCode1>
        <ExternalCode2></ExternalCode2>
      </Workstation>
      <Description>Gin tonic</Description>
      <MeasureUnit>
        <Id>6</Id>
        <Code>PZ</Code>
        <Description>Pezzi</Description>
        <ExternalCode></ExternalCode>
      </MeasureUnit>
      <ExcludeFromTheBill>No</ExcludeFromTheBill>
      <SplittedBillCharge>No</SplittedBillCharge>
      <SummarizedDocument>No</SummarizedDocument>
      <SummarizedDocumentData>
        <Identification>0</Identification>
        <Date></Date>
        <ManagementDate></ManagementDate>
        <Number>0</Number>
      </SummarizedDocumentData>
      <SummarizedDocumentBillingMethod>
        <Identification>0</Identification>
        <Code></Code>
        <Description></Description>
      </SummarizedDocumentBillingMethod>
      <SummarizedDocumentAccountReceivable>
        <Identification>0</Identification>
        <Code></Code>
        <Description></Description>
        <ExternalCode></ExternalCode>
        <ExternalCode2></ExternalCode2>
        <CalculationType></CalculationType>
      </SummarizedDocumentAccountReceivable>
      <OriginalDocumentData>
        <ChargeIdentification>0</ChargeIdentification>
        <Identification>0</Identification>
        <Date></Date>
        <ManagementDate></ManagementDate>
        <Number>0</Number>
      </OriginalDocumentData>
      <OriginalDocumentBillingMethod>
        <Identification>0</Identification>
        <Code></Code>
        <Description></Description>
      </OriginalDocumentBillingMethod>
      <OriginalDocumentAccountReceivable>
        <Identification>0</Identification>
        <Code></Code>
        <Description></Description>
        <ExternalCode></ExternalCode>
        <ExternalCode2></ExternalCode2>
        <CalculationType></CalculationType>
      </OriginalDocumentAccountReceivable>
      <UsedDownpaymentDocument>No</UsedDownpaymentDocument>
      <UsedDownpaymentDocumentData>
        <Identification>0</Identification>
        <Date></Date>
        <ManagementDate></ManagementDate>
        <Number>0</Number>
      </UsedDownpaymentDocumentData>
      <UsedDownpaymentDocumentBillingMethod>
        <Identification>0</Identification>
        <Code></Code>
        <Description></Description>
      </UsedDownpaymentDocumentBillingMethod>
      <UsedDownpaymentDocumentAccountReceivable>
        <Identification>0</Identification>
        <Code></Code>
        <Description></Description>
        <ExternalCode></ExternalCode>
        <ExternalCode2></ExternalCode2>
        <CalculationType></CalculationType>
      </UsedDownpaymentDocumentAccountReceivable>
      <Value>
        <Identification>18</Identification>
        <Code>EUR</Code>
        <Description>Euro</Description>
        <IsoCode>EUR</IsoCode>
        <Change>1.0000000000</Change>
      </Value>
      <Currency>
        <Identification>18</Identification>
        <Code>EUR</Code>
        <Description>Euro</Description>
        <IsoCode>EUR</IsoCode>
        <Change>1.0000000000</Change>
        <AmountCompanyCurrency>20.00</AmountCompanyCurrency>
      </Currency>
      <ReservationId>1952</ReservationId>
      <UnitPrice>10.00</UnitPrice>
      <Quantity>2</Quantity>
      <Weight>0</Weight>
      <VAT>1.82</VAT>
      <VATRate>10.00</VATRate>
      <VATExternalCode></VATExternalCode>
      <VATExternalCode2></VATExternalCode2>
      <VATExternalCode3></VATExternalCode3>
      <VATDetail>
        <Identification>1</Identification>
        <Code>10</Code>
        <Description>10%</Description>
        <Rate>10.00</Rate>
        <ExternalCode1></ExternalCode1>
        <ExternalCode2></ExternalCode2>
        <ExternalCode3></ExternalCode3>
      </VATDetail>
      <ProductionValueDiscount>0.00</ProductionValueDiscount>
      <DocumentValueDiscount>0.00</DocumentValueDiscount>
      <TotalValueDiscount>0.00</TotalValueDiscount>
      <GrossTotal>20.00</GrossTotal>
      <NetTotal>18.18</NetTotal>
      <SellItemModifier>
        <Identification>0</Identification>
        <Code></Code>
        <Description></Description>
      </SellItemModifier>
      <SellItem>
        <Identification>131</Identification>
        <Code>119</Code>
        <Description>Gin Fizz</Description>
        <ExternalCode></ExternalCode>
        <ExternalCode2></ExternalCode2>
      </SellItem>
      <RevenueLevel>
        <Identification>37</Identification>
        <Description>Cocktail Classici</Description>
        <Code>CC</Code>
        <ExternalCode1></ExternalCode1>
        <ExternalCode2></ExternalCode2>
      </RevenueLevel>
      <SalesLevel>
        <Identification>0</Identification>
        <Code></Code>
        <Description></Description>
        <ExternalCode></ExternalCode>
        <ExternalCode2></ExternalCode2>
      </SalesLevel>
      <Changes />
      <Commissions />
      <Resource>
        <Identification>171</Identification>
        <Code>1 B</Code>
        <Description>1 B</Description>
        <ExternalCode1></ExternalCode1>
        <ExternalCode2></ExternalCode2>
      </Resource>
    </Charge>
    <Charge>
      <Identification>67988</Identification>
      <Date>2025-07-12T00:00:00Z</Date>
      <ManagementDate>2025-07-11T01:16:47Z</ManagementDate>
      <Workstation>
        <Identification>12</Identification>
        <Code>B1</Code>
        <Name>B1</Name>
        <ExternalCode1></ExternalCode1>
        <ExternalCode2></ExternalCode2>
      </Workstation>
      <Description>Gin tonic</Description>
      <MeasureUnit>
        <Id>6</Id>
        <Code>PZ</Code>
        <Description>Pezzi</Description>
        <ExternalCode></ExternalCode>
      </MeasureUnit>
      <ExcludeFromTheBill>No</ExcludeFromTheBill>
      <SplittedBillCharge>No</SplittedBillCharge>
      <SummarizedDocument>No</SummarizedDocument>
      <SummarizedDocumentData>
        <Identification>0</Identification>
        <Date></Date>
        <ManagementDate></ManagementDate>
        <Number>0</Number>
      </SummarizedDocumentData>
      <SummarizedDocumentBillingMethod>
        <Identification>0</Identification>
        <Code></Code>
        <Description></Description>
      </SummarizedDocumentBillingMethod>
      <SummarizedDocumentAccountReceivable>
        <Identification>0</Identification>
        <Code></Code>
        <Description></Description>
        <ExternalCode></ExternalCode>
        <ExternalCode2></ExternalCode2>
        <CalculationType></CalculationType>
      </SummarizedDocumentAccountReceivable>
      <OriginalDocumentData>
        <ChargeIdentification>0</ChargeIdentification>
        <Identification>0</Identification>
        <Date></Date>
        <ManagementDate></ManagementDate>
        <Number>0</Number>
      </OriginalDocumentData>
      <OriginalDocumentBillingMethod>
        <Identification>0</Identification>
        <Code></Code>
        <Description></Description>
      </OriginalDocumentBillingMethod>
      <OriginalDocumentAccountReceivable>
        <Identification>0</Identification>
        <Code></Code>
        <Description></Description>
        <ExternalCode></ExternalCode>
        <ExternalCode2></ExternalCode2>
        <CalculationType></CalculationType>
      </OriginalDocumentAccountReceivable>
      <UsedDownpaymentDocument>No</UsedDownpaymentDocument>
      <UsedDownpaymentDocumentData>
        <Identification>0</Identification>
        <Date></Date>
        <ManagementDate></ManagementDate>
        <Number>0</Number>
      </UsedDownpaymentDocumentData>
      <UsedDownpaymentDocumentBillingMethod>
        <Identification>0</Identification>
        <Code></Code>
        <Description></Description>
      </UsedDownpaymentDocumentBillingMethod>
      <UsedDownpaymentDocumentAccountReceivable>
        <Identification>0</Identification>
        <Code></Code>
        <Description></Description>
        <ExternalCode></ExternalCode>
        <ExternalCode2></ExternalCode2>
        <CalculationType></CalculationType>
      </UsedDownpaymentDocumentAccountReceivable>
      <Value>
        <Identification>18</Identification>
        <Code>EUR</Code>
        <Description>Euro</Description>
        <IsoCode>EUR</IsoCode>
        <Change>1.0000000000</Change>
      </Value>
      <Currency>
        <Identification>18</Identification>
        <Code>EUR</Code>
        <Description>Euro</Description>
        <IsoCode>EUR</IsoCode>
        <Change>1.0000000000</Change>
        <AmountCompanyCurrency>10.00</AmountCompanyCurrency>
      </Currency>
      <ReservationId>1952</ReservationId>
      <UnitPrice>10.00</UnitPrice>
      <Quantity>1</Quantity>
      <Weight>0</Weight>
      <VAT>0.91</VAT>
      <VATRate>10.00</VATRate>
      <VATExternalCode></VATExternalCode>
      <VATExternalCode2></VATExternalCode2>
      <VATExternalCode3></VATExternalCode3>
      <VATDetail>
        <Identification>1</Identification>
        <Code>10</Code>
        <Description>10%</Description>
        <Rate>10.00</Rate>
        <ExternalCode1></ExternalCode1>
        <ExternalCode2></ExternalCode2>
        <ExternalCode3></ExternalCode3>
      </VATDetail>
      <ProductionValueDiscount>0.00</ProductionValueDiscount>
      <DocumentValueDiscount>0.00</DocumentValueDiscount>
      <TotalValueDiscount>0.00</TotalValueDiscount>
      <GrossTotal>10.00</GrossTotal>
      <NetTotal>9.09</NetTotal>
      <SellItemModifier>
        <Identification>0</Identification>
        <Code></Code>
        <Description></Description>
      </SellItemModifier>
      <SellItem>
        <Identification>131</Identification>
        <Code>119</Code>
        <Description>Gin Fizz</Description>
        <ExternalCode></ExternalCode>
        <ExternalCode2></ExternalCode2>
      </SellItem>
      <RevenueLevel>
        <Identification>37</Identification>
        <Description>Cocktail Classici</Description>
        <Code>CC</Code>
        <ExternalCode1></ExternalCode1>
        <ExternalCode2></ExternalCode2>
      </RevenueLevel>
      <SalesLevel>
        <Identification>0</Identification>
        <Code></Code>
        <Description></Description>
        <ExternalCode></ExternalCode>
        <ExternalCode2></ExternalCode2>
      </SalesLevel>
      <Changes />
      <Commissions />
      <Resource>
        <Identification>171</Identification>
        <Code>1 B</Code>
        <Description>1 B</Description>
        <ExternalCode1></ExternalCode1>
        <ExternalCode2></ExternalCode2>
      </Resource>
    </Charge>
    <Charge>
      <Identification>68329</Identification>
      <Date>2025-07-12T00:00:00Z</Date>
      <ManagementDate>2025-07-12T18:09:28Z</ManagementDate>
      <Workstation>
        <Identification>12</Identification>
        <Code>B1</Code>
        <Name>B1</Name>
        <ExternalCode1></ExternalCode1>
        <ExternalCode2></ExternalCode2>
      </Workstation>
      <Description>Acqua Minerale 1 lt</Description>
      <MeasureUnit>
        <Id>6</Id>
        <Code>PZ</Code>
        <Description>Pezzi</Description>
        <ExternalCode></ExternalCode>
      </MeasureUnit>
      <ExcludeFromTheBill>No</ExcludeFromTheBill>
      <SplittedBillCharge>No</SplittedBillCharge>
      <SummarizedDocument>No</SummarizedDocument>
      <SummarizedDocumentData>
        <Identification>0</Identification>
        <Date></Date>
        <ManagementDate></ManagementDate>
        <Number>0</Number>
      </SummarizedDocumentData>
      <SummarizedDocumentBillingMethod>
        <Identification>0</Identification>
        <Code></Code>
        <Description></Description>
      </SummarizedDocumentBillingMethod>
      <SummarizedDocumentAccountReceivable>
        <Identification>0</Identification>
        <Code></Code>
        <Description></Description>
        <ExternalCode></ExternalCode>
        <ExternalCode2></ExternalCode2>
        <CalculationType></CalculationType>
      </SummarizedDocumentAccountReceivable>
      <OriginalDocumentData>
        <ChargeIdentification>0</ChargeIdentification>
        <Identification>0</Identification>
        <Date></Date>
        <ManagementDate></ManagementDate>
        <Number>0</Number>
      </OriginalDocumentData>
      <OriginalDocumentBillingMethod>
        <Identification>0</Identification>
        <Code></Code>
        <Description></Description>
      </OriginalDocumentBillingMethod>
      <OriginalDocumentAccountReceivable>
        <Identification>0</Identification>
        <Code></Code>
        <Description></Description>
        <ExternalCode></ExternalCode>
        <ExternalCode2></ExternalCode2>
        <CalculationType></CalculationType>
      </OriginalDocumentAccountReceivable>
      <UsedDownpaymentDocument>No</UsedDownpaymentDocument>
      <UsedDownpaymentDocumentData>
        <Identification>0</Identification>
        <Date></Date>
        <ManagementDate></ManagementDate>
        <Number>0</Number>
      </UsedDownpaymentDocumentData>
      <UsedDownpaymentDocumentBillingMethod>
        <Identification>0</Identification>
        <Code></Code>
        <Description></Description>
      </UsedDownpaymentDocumentBillingMethod>
      <UsedDownpaymentDocumentAccountReceivable>
        <Identification>0</Identification>
        <Code></Code>
        <Description></Description>
        <ExternalCode></ExternalCode>
        <ExternalCode2></ExternalCode2>
        <CalculationType></CalculationType>
      </UsedDownpaymentDocumentAccountReceivable>
      <Value>
        <Identification>18</Identification>
        <Code>EUR</Code>
        <Description>Euro</Description>
        <IsoCode>EUR</IsoCode>
        <Change>1.0000000000</Change>
      </Value>
      <Currency>
        <Identification>18</Identification>
        <Code>EUR</Code>
        <Description>Euro</Description>
        <IsoCode>EUR</IsoCode>
        <Change>1.0000000000</Change>
        <AmountCompanyCurrency>6.00</AmountCompanyCurrency>
      </Currency>
      <ReservationId>1952</ReservationId>
      <UnitPrice>3.00</UnitPrice>
      <Quantity>2</Quantity>
      <Weight>0</Weight>
      <VAT>0.55</VAT>
      <VATRate>10.00</VATRate>
      <VATExternalCode></VATExternalCode>
      <VATExternalCode2></VATExternalCode2>
      <VATExternalCode3></VATExternalCode3>
      <VATDetail>
        <Identification>1</Identification>
        <Code>10</Code>
        <Description>10%</Description>
        <Rate>10.00</Rate>
        <ExternalCode1></ExternalCode1>
        <ExternalCode2></ExternalCode2>
        <ExternalCode3></ExternalCode3>
      </VATDetail>
      <ProductionValueDiscount>0.00</ProductionValueDiscount>
      <DocumentValueDiscount>0.00</DocumentValueDiscount>
      <TotalValueDiscount>0.00</TotalValueDiscount>
      <GrossTotal>6.00</GrossTotal>
      <NetTotal>5.45</NetTotal>
      <SellItemModifier>
        <Identification>0</Identification>
        <Code></Code>
        <Description></Description>
      </SellItemModifier>
      <SellItem>
        <Identification>57</Identification>
        <Code>45</Code>
        <Description>Acqua Minerale 1 lt</Description>
        <ExternalCode></ExternalCode>
        <ExternalCode2></ExternalCode2>
      </SellItem>
      <RevenueLevel>
        <Identification>28</Identification>
        <Description>Acqua e Bibite</Description>
        <Code>ACB</Code>
        <ExternalCode1></ExternalCode1>
        <ExternalCode2></ExternalCode2>
      </RevenueLevel>
      <SalesLevel>
        <Identification>0</Identification>
        <Code></Code>
        <Description></Description>
        <ExternalCode></ExternalCode>
        <ExternalCode2></ExternalCode2>
      </SalesLevel>
      <Changes />
      <Commissions />
      <Resource>
        <Identification>175</Identification>
        <Code>5 B</Code>
        <Description>5 B</Description>
        <ExternalCode1></ExternalCode1>
        <ExternalCode2></ExternalCode2>
      </Resource>
    </Charge>
    <Charge>
      <Identification>68475</Identification>
      <Date>2025-07-13T00:00:00Z</Date>
      <ManagementDate>2025-07-13T11:48:26Z</ManagementDate>
      <Workstation>
        <Identification>12</Identification>
        <Code>B1</Code>
        <Name>B1</Name>
        <ExternalCode1></ExternalCode1>
        <ExternalCode2></ExternalCode2>
      </Workstation>
      <Description>Espresso</Description>
      <MeasureUnit>
        <Id>6</Id>
        <Code>PZ</Code>
        <Description>Pezzi</Description>
        <ExternalCode></ExternalCode>
      </MeasureUnit>
      <ExcludeFromTheBill>No</ExcludeFromTheBill>
      <SplittedBillCharge>No</SplittedBillCharge>
      <SummarizedDocument>No</SummarizedDocument>
      <SummarizedDocumentData>
        <Identification>0</Identification>
        <Date></Date>
        <ManagementDate></ManagementDate>
        <Number>0</Number>
      </SummarizedDocumentData>
      <SummarizedDocumentBillingMethod>
        <Identification>0</Identification>
        <Code></Code>
        <Description></Description>
      </SummarizedDocumentBillingMethod>
      <SummarizedDocumentAccountReceivable>
        <Identification>0</Identification>
        <Code></Code>
        <Description></Description>
        <ExternalCode></ExternalCode>
        <ExternalCode2></ExternalCode2>
        <CalculationType></CalculationType>
      </SummarizedDocumentAccountReceivable>
      <OriginalDocumentData>
        <ChargeIdentification>0</ChargeIdentification>
        <Identification>0</Identification>
        <Date></Date>
        <ManagementDate></ManagementDate>
        <Number>0</Number>
      </OriginalDocumentData>
      <OriginalDocumentBillingMethod>
        <Identification>0</Identification>
        <Code></Code>
        <Description></Description>
      </OriginalDocumentBillingMethod>
      <OriginalDocumentAccountReceivable>
        <Identification>0</Identification>
        <Code></Code>
        <Description></Description>
        <ExternalCode></ExternalCode>
        <ExternalCode2></ExternalCode2>
        <CalculationType></CalculationType>
      </OriginalDocumentAccountReceivable>
      <UsedDownpaymentDocument>No</UsedDownpaymentDocument>
      <UsedDownpaymentDocumentData>
        <Identification>0</Identification>
        <Date></Date>
        <ManagementDate></ManagementDate>
        <Number>0</Number>
      </UsedDownpaymentDocumentData>
      <UsedDownpaymentDocumentBillingMethod>
        <Identification>0</Identification>
        <Code></Code>
        <Description></Description>
      </UsedDownpaymentDocumentBillingMethod>
      <UsedDownpaymentDocumentAccountReceivable>
        <Identification>0</Identification>
        <Code></Code>
        <Description></Description>
        <ExternalCode></ExternalCode>
        <ExternalCode2></ExternalCode2>
        <CalculationType></CalculationType>
      </UsedDownpaymentDocumentAccountReceivable>
      <Value>
        <Identification>18</Identification>
        <Code>EUR</Code>
        <Description>Euro</Description>
        <IsoCode>EUR</IsoCode>
        <Change>1.0000000000</Change>
      </Value>
      <Currency>
        <Identification>18</Identification>
        <Code>EUR</Code>
        <Description>Euro</Description>
        <IsoCode>EUR</IsoCode>
        <Change>1.0000000000</Change>
        <AmountCompanyCurrency>2.00</AmountCompanyCurrency>
      </Currency>
      <ReservationId>1952</ReservationId>
      <UnitPrice>2.00</UnitPrice>
      <Quantity>1</Quantity>
      <Weight>0</Weight>
      <VAT>0.18</VAT>
      <VATRate>10.00</VATRate>
      <VATExternalCode></VATExternalCode>
      <VATExternalCode2></VATExternalCode2>
      <VATExternalCode3></VATExternalCode3>
      <VATDetail>
        <Identification>1</Identification>
        <Code>10</Code>
        <Description>10%</Description>
        <Rate>10.00</Rate>
        <ExternalCode1></ExternalCode1>
        <ExternalCode2></ExternalCode2>
        <ExternalCode3></ExternalCode3>
      </VATDetail>
      <ProductionValueDiscount>0.00</ProductionValueDiscount>
      <DocumentValueDiscount>0.00</DocumentValueDiscount>
      <TotalValueDiscount>0.00</TotalValueDiscount>
      <GrossTotal>2.00</GrossTotal>
      <NetTotal>1.82</NetTotal>
      <SellItemModifier>
        <Identification>0</Identification>
        <Code></Code>
        <Description></Description>
      </SellItemModifier>
      <SellItem>
        <Identification>48</Identification>
        <Code>36</Code>
        <Description>Espresso</Description>
        <ExternalCode></ExternalCode>
        <ExternalCode2></ExternalCode2>
      </SellItem>
      <RevenueLevel>
        <Identification>27</Identification>
        <Description>Caffetteria</Description>
        <Code>CAFF</Code>
        <ExternalCode1></ExternalCode1>
        <ExternalCode2></ExternalCode2>
      </RevenueLevel>
      <SalesLevel>
        <Identification>0</Identification>
        <Code></Code>
        <Description></Description>
        <ExternalCode></ExternalCode>
        <ExternalCode2></ExternalCode2>
      </SalesLevel>
      <Changes />
      <Commissions />
      <Resource>
        <Identification>172</Identification>
        <Code>2 B</Code>
        <Description>2 B</Description>
        <ExternalCode1></ExternalCode1>
        <ExternalCode2></ExternalCode2>
      </Resource>
    </Charge>
    <Charge>
      <Identification>68476</Identification>
      <Date>2025-07-13T00:00:00Z</Date>
      <ManagementDate>2025-07-13T11:48:31Z</ManagementDate>
      <Workstation>
        <Identification>12</Identification>
        <Code>B1</Code>
        <Name>B1</Name>
        <ExternalCode1></ExternalCode1>
        <ExternalCode2></ExternalCode2>
      </Workstation>
      <Description>Acqua Minerale 0,50</Description>
      <MeasureUnit>
        <Id>6</Id>
        <Code>PZ</Code>
        <Description>Pezzi</Description>
        <ExternalCode></ExternalCode>
      </MeasureUnit>
      <ExcludeFromTheBill>No</ExcludeFromTheBill>
      <SplittedBillCharge>No</SplittedBillCharge>
      <SummarizedDocument>No</SummarizedDocument>
      <SummarizedDocumentData>
        <Identification>0</Identification>
        <Date></Date>
        <ManagementDate></ManagementDate>
        <Number>0</Number>
      </SummarizedDocumentData>
      <SummarizedDocumentBillingMethod>
        <Identification>0</Identification>
        <Code></Code>
        <Description></Description>
      </SummarizedDocumentBillingMethod>
      <SummarizedDocumentAccountReceivable>
        <Identification>0</Identification>
        <Code></Code>
        <Description></Description>
        <ExternalCode></ExternalCode>
        <ExternalCode2></ExternalCode2>
        <CalculationType></CalculationType>
      </SummarizedDocumentAccountReceivable>
      <OriginalDocumentData>
        <ChargeIdentification>0</ChargeIdentification>
        <Identification>0</Identification>
        <Date></Date>
        <ManagementDate></ManagementDate>
        <Number>0</Number>
      </OriginalDocumentData>
      <OriginalDocumentBillingMethod>
        <Identification>0</Identification>
        <Code></Code>
        <Description></Description>
      </OriginalDocumentBillingMethod>
      <OriginalDocumentAccountReceivable>
        <Identification>0</Identification>
        <Code></Code>
        <Description></Description>
        <ExternalCode></ExternalCode>
        <ExternalCode2></ExternalCode2>
        <CalculationType></CalculationType>
      </OriginalDocumentAccountReceivable>
      <UsedDownpaymentDocument>No</UsedDownpaymentDocument>
      <UsedDownpaymentDocumentData>
        <Identification>0</Identification>
        <Date></Date>
        <ManagementDate></ManagementDate>
        <Number>0</Number>
      </UsedDownpaymentDocumentData>
      <UsedDownpaymentDocumentBillingMethod>
        <Identification>0</Identification>
        <Code></Code>
        <Description></Description>
      </UsedDownpaymentDocumentBillingMethod>
      <UsedDownpaymentDocumentAccountReceivable>
        <Identification>0</Identification>
        <Code></Code>
        <Description></Description>
        <ExternalCode></ExternalCode>
        <ExternalCode2></ExternalCode2>
        <CalculationType></CalculationType>
      </UsedDownpaymentDocumentAccountReceivable>
      <Value>
        <Identification>18</Identification>
        <Code>EUR</Code>
        <Description>Euro</Description>
        <IsoCode>EUR</IsoCode>
        <Change>1.0000000000</Change>
      </Value>
      <Currency>
        <Identification>18</Identification>
        <Code>EUR</Code>
        <Description>Euro</Description>
        <IsoCode>EUR</IsoCode>
        <Change>1.0000000000</Change>
        <AmountCompanyCurrency>2.00</AmountCompanyCurrency>
      </Currency>
      <ReservationId>1952</ReservationId>
      <UnitPrice>2.00</UnitPrice>
      <Quantity>1</Quantity>
      <Weight>0</Weight>
      <VAT>0.18</VAT>
      <VATRate>10.00</VATRate>
      <VATExternalCode></VATExternalCode>
      <VATExternalCode2></VATExternalCode2>
      <VATExternalCode3></VATExternalCode3>
      <VATDetail>
        <Identification>1</Identification>
        <Code>10</Code>
        <Description>10%</Description>
        <Rate>10.00</Rate>
        <ExternalCode1></ExternalCode1>
        <ExternalCode2></ExternalCode2>
        <ExternalCode3></ExternalCode3>
      </VATDetail>
      <ProductionValueDiscount>0.00</ProductionValueDiscount>
      <DocumentValueDiscount>0.00</DocumentValueDiscount>
      <TotalValueDiscount>0.00</TotalValueDiscount>
      <GrossTotal>2.00</GrossTotal>
      <NetTotal>1.82</NetTotal>
      <SellItemModifier>
        <Identification>0</Identification>
        <Code></Code>
        <Description></Description>
      </SellItemModifier>
      <SellItem>
        <Identification>58</Identification>
        <Code>46</Code>
        <Description>Acqua Minerale 0,50</Description>
        <ExternalCode></ExternalCode>
        <ExternalCode2></ExternalCode2>
      </SellItem>
      <RevenueLevel>
        <Identification>28</Identification>
        <Description>Acqua e Bibite</Description>
        <Code>ACB</Code>
        <ExternalCode1></ExternalCode1>
        <ExternalCode2></ExternalCode2>
      </RevenueLevel>
      <SalesLevel>
        <Identification>0</Identification>
        <Code></Code>
        <Description></Description>
        <ExternalCode></ExternalCode>
        <ExternalCode2></ExternalCode2>
      </SalesLevel>
      <Changes />
      <Commissions />
      <Resource>
        <Identification>172</Identification>
        <Code>2 B</Code>
        <Description>2 B</Description>
        <ExternalCode1></ExternalCode1>
        <ExternalCode2></ExternalCode2>
      </Resource>
    </Charge>
  </Charges>
  <Body>
    <Line>
      <Quantity></Quantity>
      <Description>Soggiorno dal 11/07/2025 al 14/07/2025</Description>
      <Price></Price>
      <GrossPrice></GrossPrice>
      <NetPrice></NetPrice>
      <Total></Total>
      <GrossTotal></GrossTotal>
      <NetTotal></NetTotal>
      <RoundingNetTotalVATExtraction></RoundingNetTotalVATExtraction>
      <VAT></VAT>
      <LineType>4</LineType>
      <VATDetail>
        <Identification></Identification>
        <Code></Code>
        <Description></Description>
        <Rate></Rate>
        <ExternalCode1></ExternalCode1>
        <ExternalCode2></ExternalCode2>
        <ExternalCode3></ExternalCode3>
      </VATDetail>
      <SellItem>
        <Identification></Identification>
        <Code></Code>
        <Description></Description>
        <Type></Type>
      </SellItem>
    </Line>
    <Line>
      <Quantity></Quantity>
      <Description>(Superior)</Description>
      <Price></Price>
      <GrossPrice></GrossPrice>
      <NetPrice></NetPrice>
      <Total></Total>
      <GrossTotal></GrossTotal>
      <NetTotal></NetTotal>
      <RoundingNetTotalVATExtraction></RoundingNetTotalVATExtraction>
      <VAT></VAT>
      <LineType>4</LineType>
      <VATDetail>
        <Identification></Identification>
        <Code></Code>
        <Description></Description>
        <Rate></Rate>
        <ExternalCode1></ExternalCode1>
        <ExternalCode2></ExternalCode2>
        <ExternalCode3></ExternalCode3>
      </VATDetail>
      <SellItem>
        <Identification></Identification>
        <Code></Code>
        <Description></Description>
        <Type></Type>
      </SellItem>
    </Line>
    <Line>
      <Quantity>3.00</Quantity>
      <Description>Bed and Breakfast</Description>
      <Price>140.00</Price>
      <GrossPrice>140.00</GrossPrice>
      <NetPrice>127.27</NetPrice>
      <Total>420.00</Total>
      <GrossTotal>420.00</GrossTotal>
      <NetTotal>381.82</NetTotal>
      <RoundingNetTotalVATExtraction>-0.01</RoundingNetTotalVATExtraction>
      <RoundingNetTotalVATExtraction></RoundingNetTotalVATExtraction>
      <VAT>10</VAT>
      <LineType>4</LineType>
      <VATDetail>
        <Identification>1</Identification>
        <Code>10</Code>
        <Description>10%</Description>
        <Rate>10.00</Rate>
        <ExternalCode1></ExternalCode1>
        <ExternalCode2></ExternalCode2>
        <ExternalCode3></ExternalCode3>
      </VATDetail>
      <SellItem>
        <Identification></Identification>
        <Code></Code>
        <Description></Description>
        <Type></Type>
      </SellItem>
    </Line>
    <Line>
      <Quantity>1.00</Quantity>
      <Description> Espresso</Description>
      <Price>2.00</Price>
      <GrossPrice>2.00</GrossPrice>
      <NetPrice>1.82</NetPrice>
      <Total>2.00</Total>
      <GrossTotal>2.00</GrossTotal>
      <NetTotal>1.82</NetTotal>
      <RoundingNetTotalVATExtraction>0.00</RoundingNetTotalVATExtraction>
      <RoundingNetTotalVATExtraction></RoundingNetTotalVATExtraction>
      <VAT>10</VAT>
      <LineType>2</LineType>
      <VATDetail>
        <Identification>1</Identification>
        <Code>10</Code>
        <Description>10%</Description>
        <Rate>10.00</Rate>
        <ExternalCode1></ExternalCode1>
        <ExternalCode2></ExternalCode2>
        <ExternalCode3></ExternalCode3>
      </VATDetail>
      <SellItem>
        <Identification>48</Identification>
        <Code>36</Code>
        <Description>Espresso</Description>
        <Type>E</Type>
      </SellItem>
    </Line>
    <Line>
      <Quantity>2.00</Quantity>
      <Description> Acqua Minerale 1 lt</Description>
      <Price>3.00</Price>
      <GrossPrice>3.00</GrossPrice>
      <NetPrice>2.73</NetPrice>
      <Total>6.00</Total>
      <GrossTotal>6.00</GrossTotal>
      <NetTotal>5.45</NetTotal>
      <RoundingNetTotalVATExtraction>0.01</RoundingNetTotalVATExtraction>
      <RoundingNetTotalVATExtraction></RoundingNetTotalVATExtraction>
      <VAT>10</VAT>
      <LineType>2</LineType>
      <VATDetail>
        <Identification>1</Identification>
        <Code>10</Code>
        <Description>10%</Description>
        <Rate>10.00</Rate>
        <ExternalCode1></ExternalCode1>
        <ExternalCode2></ExternalCode2>
        <ExternalCode3></ExternalCode3>
      </VATDetail>
      <SellItem>
        <Identification>57</Identification>
        <Code>45</Code>
        <Description>Acqua Minerale 1 lt</Description>
        <Type>E</Type>
      </SellItem>
    </Line>
    <Line>
      <Quantity>1.00</Quantity>
      <Description> Acqua Minerale 0,50</Description>
      <Price>2.00</Price>
      <GrossPrice>2.00</GrossPrice>
      <NetPrice>1.82</NetPrice>
      <Total>2.00</Total>
      <GrossTotal>2.00</GrossTotal>
      <NetTotal>1.82</NetTotal>
      <RoundingNetTotalVATExtraction>0.00</RoundingNetTotalVATExtraction>
      <RoundingNetTotalVATExtraction></RoundingNetTotalVATExtraction>
      <VAT>10</VAT>
      <LineType>2</LineType>
      <VATDetail>
        <Identification>1</Identification>
        <Code>10</Code>
        <Description>10%</Description>
        <Rate>10.00</Rate>
        <ExternalCode1></ExternalCode1>
        <ExternalCode2></ExternalCode2>
        <ExternalCode3></ExternalCode3>
      </VATDetail>
      <SellItem>
        <Identification>58</Identification>
        <Code>46</Code>
        <Description>Acqua Minerale 0,50</Description>
        <Type>E</Type>
      </SellItem>
    </Line>
    <Line>
      <Quantity>3.00</Quantity>
      <Description> Gin tonic</Description>
      <Price>10.00</Price>
      <GrossPrice>10.00</GrossPrice>
      <NetPrice>9.09</NetPrice>
      <Total>30.00</Total>
      <GrossTotal>30.00</GrossTotal>
      <NetTotal>27.27</NetTotal>
      <RoundingNetTotalVATExtraction>0.00</RoundingNetTotalVATExtraction>
      <RoundingNetTotalVATExtraction></RoundingNetTotalVATExtraction>
      <VAT>10</VAT>
      <LineType>2</LineType>
      <VATDetail>
        <Identification>1</Identification>
        <Code>10</Code>
        <Description>10%</Description>
        <Rate>10.00</Rate>
        <ExternalCode1></ExternalCode1>
        <ExternalCode2></ExternalCode2>
        <ExternalCode3></ExternalCode3>
      </VATDetail>
      <SellItem>
        <Identification>131</Identification>
        <Code>119</Code>
        <Description>Gin Fizz</Description>
        <Type>E</Type>
      </SellItem>
    </Line>
    <Line>
      <Quantity></Quantity>
      <Description></Description>
      <Price></Price>
      <GrossPrice></GrossPrice>
      <NetPrice></NetPrice>
      <Total></Total>
      <GrossTotal></GrossTotal>
      <NetTotal></NetTotal>
      <RoundingNetTotalVATExtraction></RoundingNetTotalVATExtraction>
      <VAT></VAT>
      <LineType>16</LineType>
      <VATDetail>
        <Identification></Identification>
        <Code></Code>
        <Description></Description>
        <Rate></Rate>
        <ExternalCode1></ExternalCode1>
        <ExternalCode2></ExternalCode2>
        <ExternalCode3></ExternalCode3>
      </VATDetail>
      <SellItem>
        <Identification></Identification>
        <Code></Code>
        <Description></Description>
        <Type></Type>
      </SellItem>
    </Line>
    <Line>
      <Quantity></Quantity>
      <Description>      460,00 PAGATE CON Carta di credito</Description>
      <Price></Price>
      <GrossPrice></GrossPrice>
      <NetPrice></NetPrice>
      <Total></Total>
      <GrossTotal></GrossTotal>
      <NetTotal></NetTotal>
      <RoundingNetTotalVATExtraction></RoundingNetTotalVATExtraction>
      <VAT></VAT>
      <LineType>16</LineType>
      <VATDetail>
        <Identification></Identification>
        <Code></Code>
        <Description></Description>
        <Rate></Rate>
        <ExternalCode1></ExternalCode1>
        <ExternalCode2></ExternalCode2>
        <ExternalCode3></ExternalCode3>
      </VATDetail>
      <SellItem>
        <Identification></Identification>
        <Code></Code>
        <Description></Description>
        <Type></Type>
      </SellItem>
    </Line>
  </Body>
  <Totals>
    <Details>460.00</Details>
    <CreditUsed>0.00</CreditUsed>
    <TransactionSummary>0.00</TransactionSummary>
    <Service>0.00</Service>
    <MealTicketExtraCharge>0.00</MealTicketExtraCharge>
    <ReturnedMealTicketToken>0.00</ReturnedMealTicketToken>
    <Offer>0.00</Offer>
    <AdditionalTaxes>0.00</AdditionalTaxes>
    <FidelityDiscount>0.00</FidelityDiscount>
    <SubTotal>460.00</SubTotal>
    <PercentageDiscount>0.00</PercentageDiscount>
    <ValueDiscount>0.00</ValueDiscount>
    <NetTotalDiscount>0.00</NetTotalDiscount>
    <Commission>0.00</Commission>
    <TotalDue>460.00</TotalDue>
    <TotalDocument>460.00</TotalDocument>
    <CurrencyName>Euro</CurrencyName>
    <CurrencyChange>1</CurrencyChange>
    <CurrencySymbol>€</CurrencySymbol>
    <Taxes>
      <Tax>
        <Code>10</Code>
        <Description>10%</Description>
        <RateableValue>418.18</RateableValue>
        <VATRate>10.00</VATRate>
        <VATExternalCode></VATExternalCode>
        <VATExternalCode2></VATExternalCode2>
        <VATExternalCode3></VATExternalCode3>
        <VAT>41.82</VAT>
        <Total>460.00</Total>
        <RoundingNetTotalVATExtraction>0.01</RoundingNetTotalVATExtraction>
        <Currency>
          <Identification>18</Identification>
          <Code>EUR</Code>
          <Description>Euro</Description>
          <IsoCode>EUR</IsoCode>
          <Change>1.0000000000</Change>
        </Currency>
      </Tax>
    </Taxes>
    <BodyTaxes>
      <Tax>
        <Code>10</Code>
        <Description>10%</Description>
        <RateableValue>418.18</RateableValue>
        <VATRate>10.00</VATRate>
        <VATExternalCode></VATExternalCode>
        <VATExternalCode2></VATExternalCode2>
        <VATExternalCode3></VATExternalCode3>
        <VAT>41.82</VAT>
        <Total>460.00</Total>
        <RoundingNetTotalVATExtraction>0.00</RoundingNetTotalVATExtraction>
        <Currency>
          <Identification>18</Identification>
          <Code>EUR</Code>
          <Description>Euro</Description>
          <IsoCode>EUR</IsoCode>
          <Change>1.0000000000</Change>
        </Currency>
      </Tax>
    </BodyTaxes>
    <Payments>
      <Payment>
        <Identification>1144</Identification>
        <Type>
          <Identification>4</Identification>
          <Code>CAR</Code>
          <Description>Carta di credito</Description>
          <ExternalCode></ExternalCode>
          <ExternalCode2></ExternalCode2>
          <Beneficiary></Beneficiary>
          <Bank></Bank>
          <Iban></Iban>
          <TypePaymentType>0</TypePaymentType>
        </Type>
        <Value>460.00</Value>
        <CurrencyName>Euro</CurrencyName>
        <CurrencySymbol>€</CurrencySymbol>
        <CurrencyChange>1.00</CurrencyChange>
        <Note></Note>
        <Outstanding>No</Outstanding>
        <ExpiryDate></ExpiryDate>
        <CashedDate></CashedDate>
        <OutstandingHeading>
          <Identification>0</Identification>
          <ExternalCode></ExternalCode>
          <ExternalCode2></ExternalCode2>
          <ProfileName></ProfileName>
          <Surname></Surname>
          <FirstName></FirstName>
          <VATCode></VATCode>
          <RecipientCode></RecipientCode>
          <CertifiedMail></CertifiedMail>
          <CompanyRegNumber></CompanyRegNumber>
          <Address></Address>
          <City>
            <Identification>0</Identification>
            <Description></Description>
            <Zip></Zip>
            <ExternalCode1></ExternalCode1>
            <ExternalCode2></ExternalCode2>
            <ExternalCode3></ExternalCode3>
          </City>
          <County>
            <Identification>0</Identification>
            <Code></Code>
            <Description></Description>
            <ExternalCode1></ExternalCode1>
            <ExternalCode2></ExternalCode2>
            <ExternalCode3></ExternalCode3>
          </County>
          <State>
            <Identification>0</Identification>
            <Code></Code>
            <Description></Description>
            <ExternalCode1></ExternalCode1>
            <ExternalCode2></ExternalCode2>
            <ExternalCode3></ExternalCode3>
          </State>
          <Country>
            <Identification>0</Identification>
            <Code></Code>
            <Description></Description>
            <ExternalCode1></ExternalCode1>
            <ExternalCode2></ExternalCode2>
            <ExternalCode3></ExternalCode3>
            <GroupCountry>
              <Identification>0</Identification>
              <Code></Code>
              <Description></Description>
              <ExternalCode1></ExternalCode1>
              <ExternalCode2></ExternalCode2>
              <ExternalCode3></ExternalCode3>
            </GroupCountry>
          </Country>
          <IDDocument>
            <Identification>0</Identification>
            <Code></Code>
            <ExternalCode></ExternalCode>
            <Description></Description>
            <Number></Number>
            <Date>1899-12-31</Date>
          </IDDocument>
        </OutstandingHeading>
        <OriginDetails />
      </Payment>
    </Payments>
  </Totals>
  <SummarizedDocuments></SummarizedDocuments>
  <Reservations>
    <Reservation>
      <ReservationId>1952</ReservationId>
      <Arrival>11/07/2025 00:00:00</Arrival>
      <Departure>14/07/2025 00:00:00</Departure>
      <ReservationDescription>[1538] Russo Giuseppe (Comfort: 207)</ReservationDescription>
      <ResourceId>43</ResourceId>
      <ResourceCode>207</ResourceCode>
      <ResourceDescription>207</ResourceDescription>
      <SubTypeId>8</SubTypeId>
      <SubTypeCode>CON</SubTypeCode>
      <SubTypeDescription>Comfort</SubTypeDescription>
      <Guest>Russo Giuseppe</Guest>
      <GuestNumbers>2</GuestNumbers>
    </Reservation>
  </Reservations>
  <Attachments></Attachments>
</Bill>