﻿<?xml version="1.0" encoding="utf-8"?>
<p:FatturaElettronica versione="FPR12" xmlns:ds="http://www.w3.org/2000/09/xmldsig#" xmlns:xsi="http://www.w3.org/2001/XMLSchema-instance" xsi:schemaLocation="http://ivaservizi.agenziaentrate.gov.it/docs/xsd/fatture/v1.2 fatturaordinaria_v1.2.xsd" xmlns:p="http://ivaservizi.agenziaentrate.gov.it/docs/xsd/fatture/v1.2">
  <FatturaElettronicaHeader>
    <DatiTrasmissione>
      <IdTrasmittente>
        <IdPaese>IT</IdPaese>
        <IdCodice>01879020517</IdCodice>
      </IdTrasmittente>
      <ProgressivoInvio>1792</ProgressivoInvio>
      <FormatoTrasmissione>FPR12</FormatoTrasmissione>
      <CodiceDestinatario>KRRH6B9</CodiceDestinatario>
    </DatiTrasmissione>
    <CedentePrestatore>
      <DatiAnagrafici>
        <IdFiscaleIVA>
          <IdPaese>IT</IdPaese>
          <IdCodice>05830001219</IdCodice>
        </IdFiscaleIVA>
        <CodiceFiscale>05830001219</CodiceFiscale>
        <Anagrafica>
          <Denominazione>Spiritual S.r.l</Denominazione>
        </Anagrafica>
        <RegimeFiscale>RF17</RegimeFiscale>
      </DatiAnagrafici>
      <Sede>
        <Indirizzo>via Domenico Fontana </Indirizzo>
        <NumeroCivico>21</NumeroCivico>
        <CAP>80128</CAP>
        <Comune>Napoli</Comune>
        <Provincia>NA</Provincia>
        <Nazione>IT</Nazione>
      </Sede>
      <IscrizioneREA>
        <Ufficio>NA</Ufficio>
        <NumeroREA>NA - 778654</NumeroREA>
        <CapitaleSociale>40000.00</CapitaleSociale>
        <SocioUnico>SM</SocioUnico>
        <StatoLiquidazione>LN</StatoLiquidazione>
      </IscrizioneREA>
      <Contatti>
        <Email>francesco@barinmovimento.it</Email>
      </Contatti>
    </CedentePrestatore>
    <CessionarioCommittente>
      <DatiAnagrafici>
        <IdFiscaleIVA>
          <IdPaese>IT</IdPaese>
          <IdCodice>17044041006</IdCodice>
        </IdFiscaleIVA>
        <CodiceFiscale>17044041006</CodiceFiscale>
        <Anagrafica>
          <Denominazione>RB CONSULTING S.R.L.</Denominazione>
        </Anagrafica>
      </DatiAnagrafici>
      <Sede>
        <Indirizzo>VIA CRESCENZIO</Indirizzo>
        <NumeroCivico>25</NumeroCivico>
        <CAP>00193</CAP>
        <Comune>ROMA</Comune>
        <Provincia>RM</Provincia>
        <Nazione>IT</Nazione>
      </Sede>
    </CessionarioCommittente>
  </FatturaElettronicaHeader>
  <FatturaElettronicaBody>
    <DatiGenerali>
      <DatiGeneraliDocumento>
        <TipoDocumento>TD01</TipoDocumento>
        <Divisa>EUR</Divisa>
        <Data>2025-10-24</Data>
        <Numero>FPR 1792/25</Numero>
        <ImportoTotaleDocumento>300.00</ImportoTotaleDocumento>
      </DatiGeneraliDocumento>
    </DatiGenerali>
    <DatiBeniServizi>
      <DettaglioLinee>
        <NumeroLinea>1</NumeroLinea>
        <CodiceArticolo>
          <CodiceTipo>FORN</CodiceTipo>
          <CodiceValore>02360</CodiceValore>
        </CodiceArticolo>
        <Descrizione>Poggio Di Sotto Brunello 2018 Cl 75</Descrizione>
        <Quantita>2.00</Quantita>
        <UnitaMisura>BT</UnitaMisura>
        <PrezzoUnitario>122.95</PrezzoUnitario>
        <PrezzoTotale>245.90</PrezzoTotale>
        <AliquotaIVA>22.00</AliquotaIVA>
      </DettaglioLinee>
      <DatiRiepilogo>
        <AliquotaIVA>22.00</AliquotaIVA>
        <ImponibileImporto>245.90</ImponibileImporto>
        <Imposta>54.10</Imposta>
        <EsigibilitaIVA>D</EsigibilitaIVA>
      </DatiRiepilogo>
    </DatiBeniServizi>
    <DatiPagamento>
      <CondizioniPagamento>TP02</CondizioniPagamento>
      <DettaglioPagamento>
        <ModalitaPagamento>MP05</ModalitaPagamento>
        <DataScadenzaPagamento>2025-10-24</DataScadenzaPagamento>
        <ImportoPagamento>300.00</ImportoPagamento>
        <IstitutoFinanziario>SELLA</IstitutoFinanziario>
        <IBAN>IT31G0326803402052303134120</IBAN>
        <BIC>SELBIT2BXXX</BIC>
      </DettaglioPagamento>
    </DatiPagamento>
  </FatturaElettronicaBody>
</p:FatturaElettronica>