﻿<?xml version="1.0" encoding="utf-8"?>
<p:FatturaElettronica versione="FPR12" xmlns:ds="http://www.w3.org/2000/09/xmldsig#" xmlns:xsi="http://www.w3.org/2001/XMLSchema-instance" xsi:schemaLocation="http://ivaservizi.agenziaentrate.gov.it/docs/xsd/fatture/v1.2 fatturaordinaria_v1.2.xsd" xmlns:p="http://ivaservizi.agenziaentrate.gov.it/docs/xsd/fatture/v1.2">
  <FatturaElettronicaHeader>
    <DatiTrasmissione>
      <IdTrasmittente>
        <IdPaese>IT</IdPaese>
        <IdCodice>01879020517</IdCodice>
      </IdTrasmittente>
      <ProgressivoInvio>2409623</ProgressivoInvio>
      <FormatoTrasmissione>FPR12</FormatoTrasmissione>
      <CodiceDestinatario>KRRH6B9</CodiceDestinatario>
    </DatiTrasmissione>
    <CedentePrestatore>
      <DatiAnagrafici>
        <IdFiscaleIVA>
          <IdPaese>IT</IdPaese>
          <IdCodice>08060470963</IdCodice>
        </IdFiscaleIVA>
        <Anagrafica>
          <Denominazione>RYANAIR DAC</Denominazione>
        </Anagrafica>
        <RegimeFiscale>RF01</RegimeFiscale>
      </DatiAnagrafici>
      <Sede>
        <Indirizzo>Airside Business Park</Indirizzo>
        <CAP>00000</CAP>
        <Comune>Swords</Comune>
        <Nazione>IE</Nazione>
      </Sede>
      <StabileOrganizzazione>
        <Indirizzo>Piazza della Repubblica, 24</Indirizzo>
        <CAP>20124</CAP>
        <Comune>Milano</Comune>
        <Provincia>MI</Provincia>
        <Nazione>IT</Nazione>
      </StabileOrganizzazione>
    </CedentePrestatore>
    <CessionarioCommittente>
      <DatiAnagrafici>
        <IdFiscaleIVA>
          <IdPaese>IT</IdPaese>
          <IdCodice>17044041006</IdCodice>
        </IdFiscaleIVA>
        <Anagrafica>
          <Denominazione>RB Consulting Srl</Denominazione>
        </Anagrafica>
      </DatiAnagrafici>
      <Sede>
        <Indirizzo>via Crescenzio 25</Indirizzo>
        <CAP>00193</CAP>
        <Comune>roma</Comune>
        <Nazione>IT</Nazione>
      </Sede>
    </CessionarioCommittente>
  </FatturaElettronicaHeader>
  <FatturaElettronicaBody>
    <DatiGenerali>
      <DatiGeneraliDocumento>
        <TipoDocumento>TD01</TipoDocumento>
        <Divisa>EUR</Divisa>
        <Data>2025-10-23</Data>
        <Numero>525490-2025/F</Numero>
        <ImportoTotaleDocumento>64.89</ImportoTotaleDocumento>
      </DatiGeneraliDocumento>
    </DatiGenerali>
    <DatiBeniServizi>
      <DettaglioLinee>
        <NumeroLinea>1</NumeroLinea>
        <Descrizione>TARIFFA PRENOTAZIONE FP44MY</Descrizione>
        <Quantita>1.00</Quantita>
        <PrezzoUnitario>58.99</PrezzoUnitario>
        <PrezzoTotale>58.99</PrezzoTotale>
        <AliquotaIVA>10.00</AliquotaIVA>
      </DettaglioLinee>
      <DatiRiepilogo>
        <AliquotaIVA>10.00</AliquotaIVA>
        <Arrotondamento>0.00</Arrotondamento>
        <ImponibileImporto>58.99</ImponibileImporto>
        <Imposta>5.90</Imposta>
      </DatiRiepilogo>
    </DatiBeniServizi>
    <DatiPagamento>
      <CondizioniPagamento>TP02</CondizioniPagamento>
      <DettaglioPagamento>
        <ModalitaPagamento>MP08</ModalitaPagamento>
        <ImportoPagamento>64.89</ImportoPagamento>
        <CodicePagamento>1237708568</CodicePagamento>
      </DettaglioPagamento>
    </DatiPagamento>
  </FatturaElettronicaBody>
</p:FatturaElettronica>