﻿<?xml version="1.0" encoding="utf-8"?>
<p:FatturaElettronica versione="FPR12" xmlns:ds="http://www.w3.org/2000/09/xmldsig#" xmlns:xsi="http://www.w3.org/2001/XMLSchema-instance" xsi:schemaLocation="http://ivaservizi.agenziaentrate.gov.it/docs/xsd/fatture/v1.2 fatturaordinaria_v1.2.xsd" xmlns:p="http://ivaservizi.agenziaentrate.gov.it/docs/xsd/fatture/v1.2">
  <FatturaElettronicaHeader>
    <DatiTrasmissione>
      <IdTrasmittente>
        <IdPaese>IT</IdPaese>
        <IdCodice>01879020517</IdCodice>
      </IdTrasmittente>
      <ProgressivoInvio>480</ProgressivoInvio>
      <FormatoTrasmissione>FPR12</FormatoTrasmissione>
      <CodiceDestinatario>KRRH6B9</CodiceDestinatario>
    </DatiTrasmissione>
    <CedentePrestatore>
      <DatiAnagrafici>
        <IdFiscaleIVA>
          <IdPaese>IT</IdPaese>
          <IdCodice>03487630547</IdCodice>
        </IdFiscaleIVA>
        <CodiceFiscale>03487630547</CodiceFiscale>
        <Anagrafica>
          <Denominazione>Web Lab Group s.r.l. a socio unico</Denominazione>
        </Anagrafica>
        <RegimeFiscale>RF01</RegimeFiscale>
      </DatiAnagrafici>
      <Sede>
        <Indirizzo>Strada dell'osteria</Indirizzo>
        <NumeroCivico>82</NumeroCivico>
        <CAP>06050</CAP>
        <Comune>Collazzone</Comune>
        <Provincia>PG</Provincia>
        <Nazione>IT</Nazione>
      </Sede>
      <Contatti>
        <Email>amministrazione@lezione-online.it</Email>
      </Contatti>
    </CedentePrestatore>
    <CessionarioCommittente>
      <DatiAnagrafici>
        <IdFiscaleIVA>
          <IdPaese>IT</IdPaese>
          <IdCodice>17044041006</IdCodice>
        </IdFiscaleIVA>
        <CodiceFiscale>17044041006</CodiceFiscale>
        <Anagrafica>
          <Denominazione>RB CONSULTING S.R.L.</Denominazione>
        </Anagrafica>
      </DatiAnagrafici>
      <Sede>
        <Indirizzo>VIA CRESCENZIO, 25</Indirizzo>
        <CAP>00193</CAP>
        <Comune>ROMA</Comune>
        <Provincia>RM</Provincia>
        <Nazione>IT</Nazione>
      </Sede>
    </CessionarioCommittente>
  </FatturaElettronicaHeader>
  <FatturaElettronicaBody>
    <DatiGenerali>
      <DatiGeneraliDocumento>
        <TipoDocumento>TD01</TipoDocumento>
        <Divisa>EUR</Divisa>
        <Data>2025-10-13</Data>
        <Numero>FPR 480/25</Numero>
        <ImportoTotaleDocumento>61.49</ImportoTotaleDocumento>
      </DatiGeneraliDocumento>
    </DatiGenerali>
    <DatiBeniServizi>
      <DettaglioLinee>
        <NumeroLinea>1</NumeroLinea>
        <Descrizione>VENDITA N.1 CORSO ONLINE ORDINE N.203683 DEL 12/10/2025</Descrizione>
        <Quantita>1.00</Quantita>
        <PrezzoUnitario>50.40</PrezzoUnitario>
        <PrezzoTotale>50.40</PrezzoTotale>
        <AliquotaIVA>22.00</AliquotaIVA>
      </DettaglioLinee>
      <DatiRiepilogo>
        <AliquotaIVA>22.00</AliquotaIVA>
        <ImponibileImporto>50.40</ImponibileImporto>
        <Imposta>11.09</Imposta>
        <EsigibilitaIVA>I</EsigibilitaIVA>
      </DatiRiepilogo>
    </DatiBeniServizi>
    <DatiPagamento>
      <CondizioniPagamento>TP02</CondizioniPagamento>
      <DettaglioPagamento>
        <ModalitaPagamento>MP05</ModalitaPagamento>
        <DataScadenzaPagamento>2025-10-13</DataScadenzaPagamento>
        <ImportoPagamento>61.49</ImportoPagamento>
        <IstitutoFinanziario>INTESA SANPAOLO SPA</IstitutoFinanziario>
        <IBAN>IT58J0306938701100000001844</IBAN>
      </DettaglioPagamento>
    </DatiPagamento>
  </FatturaElettronicaBody>
</p:FatturaElettronica>