﻿<?xml version="1.0" encoding="utf-8"?>
<p:FatturaElettronica versione="FPR12" xmlns:ds="http://www.w3.org/2000/09/xmldsig#" xmlns:xsi="http://www.w3.org/2001/XMLSchema-instance" xsi:schemaLocation="http://ivaservizi.agenziaentrate.gov.it/docs/xsd/fatture/v1.2 fatturaordinaria_v1.2.xsd" xmlns:p="http://ivaservizi.agenziaentrate.gov.it/docs/xsd/fatture/v1.2">
  <FatturaElettronicaHeader>
    <DatiTrasmissione>
      <IdTrasmittente>
        <IdPaese>IT</IdPaese>
        <IdCodice>01879020517</IdCodice>
      </IdTrasmittente>
      <ProgressivoInvio>405</ProgressivoInvio>
      <FormatoTrasmissione>FPR12</FormatoTrasmissione>
      <CodiceDestinatario>0000000</CodiceDestinatario>
      <PECDestinatario>RBCONSULTINGSRL@PEC.IT</PECDestinatario>
    </DatiTrasmissione>
    <CedentePrestatore>
      <DatiAnagrafici>
        <IdFiscaleIVA>
          <IdPaese>IT</IdPaese>
          <IdCodice>08796541210</IdCodice>
        </IdFiscaleIVA>
        <CodiceFiscale>08796541210</CodiceFiscale>
        <Anagrafica>
          <Denominazione>Regina 2001 srl</Denominazione>
        </Anagrafica>
        <RegimeFiscale>RF01</RegimeFiscale>
      </DatiAnagrafici>
      <Sede>
        <Indirizzo>Via Partenope 1922</Indirizzo>
        <CAP>80121</CAP>
        <Comune>Napoli</Comune>
        <Provincia>NA</Provincia>
        <Nazione>IT</Nazione>
      </Sede>
    </CedentePrestatore>
    <CessionarioCommittente>
      <DatiAnagrafici>
        <IdFiscaleIVA>
          <IdPaese>IT</IdPaese>
          <IdCodice>17044041006</IdCodice>
        </IdFiscaleIVA>
        <CodiceFiscale>17044041006</CodiceFiscale>
        <Anagrafica>
          <Denominazione>RB CONSULTING SRL</Denominazione>
        </Anagrafica>
      </DatiAnagrafici>
      <Sede>
        <Indirizzo>VIA CRESCENZIO 25</Indirizzo>
        <CAP>00193</CAP>
        <Comune>ROMA</Comune>
        <Provincia>RM</Provincia>
        <Nazione>IT</Nazione>
      </Sede>
    </CessionarioCommittente>
  </FatturaElettronicaHeader>
  <FatturaElettronicaBody>
    <DatiGenerali>
      <DatiGeneraliDocumento>
        <TipoDocumento>TD01</TipoDocumento>
        <Divisa>EUR</Divisa>
        <Data>2025-10-07</Data>
        <Numero>405A</Numero>
        <ImportoTotaleDocumento>70.00</ImportoTotaleDocumento>
      </DatiGeneraliDocumento>
    </DatiGenerali>
    <DatiBeniServizi>
      <DettaglioLinee>
        <NumeroLinea>1</NumeroLinea>
        <Descrizione>COPERTO</Descrizione>
        <Quantita>3.00</Quantita>
        <PrezzoUnitario>1.55659091</PrezzoUnitario>
        <PrezzoTotale>4.66977273</PrezzoTotale>
        <AliquotaIVA>10.00</AliquotaIVA>
      </DettaglioLinee>
      <DettaglioLinee>
        <NumeroLinea>2</NumeroLinea>
        <Descrizione>CRUDO E MOZZARELLA</Descrizione>
        <Quantita>1.00</Quantita>
        <PrezzoUnitario>11.83009091</PrezzoUnitario>
        <PrezzoTotale>11.83009091</PrezzoTotale>
        <AliquotaIVA>10.00</AliquotaIVA>
      </DettaglioLinee>
      <DettaglioLinee>
        <NumeroLinea>3</NumeroLinea>
        <Descrizione>FOCACCIA</Descrizione>
        <Quantita>1.00</Quantita>
        <PrezzoUnitario>3.11318182</PrezzoUnitario>
        <PrezzoTotale>3.11318182</PrezzoTotale>
        <AliquotaIVA>10.00</AliquotaIVA>
      </DettaglioLinee>
      <DettaglioLinee>
        <NumeroLinea>4</NumeroLinea>
        <Descrizione>ACQUA</Descrizione>
        <Quantita>1.00</Quantita>
        <PrezzoUnitario>1.99243636</PrezzoUnitario>
        <PrezzoTotale>1.99243636</PrezzoTotale>
        <AliquotaIVA>10.00</AliquotaIVA>
      </DettaglioLinee>
      <DettaglioLinee>
        <NumeroLinea>5</NumeroLinea>
        <Descrizione>POLPO E PATATE</Descrizione>
        <Quantita>1.00</Quantita>
        <PrezzoUnitario>12.45272727</PrezzoUnitario>
        <PrezzoTotale>12.45272727</PrezzoTotale>
        <AliquotaIVA>10.00</AliquotaIVA>
      </DettaglioLinee>
      <DettaglioLinee>
        <NumeroLinea>6</NumeroLinea>
        <Descrizione>HAMBURGER</Descrizione>
        <Quantita>1.00</Quantita>
        <PrezzoUnitario>9.33954546</PrezzoUnitario>
        <PrezzoTotale>9.33954546</PrezzoTotale>
        <AliquotaIVA>10.00</AliquotaIVA>
      </DettaglioLinee>
      <DettaglioLinee>
        <NumeroLinea>7</NumeroLinea>
        <Descrizione>Media cottura </Descrizione>
        <Quantita>1.00</Quantita>
        <PrezzoUnitario>0.00</PrezzoUnitario>
        <PrezzoTotale>0.00</PrezzoTotale>
        <AliquotaIVA>10.00</AliquotaIVA>
      </DettaglioLinee>
      <DettaglioLinee>
        <NumeroLinea>8</NumeroLinea>
        <Descrizione>Zucchine grigliate e un po di chips</Descrizione>
        <Quantita>1.00</Quantita>
        <PrezzoUnitario>0.00</PrezzoUnitario>
        <PrezzoTotale>0.00</PrezzoTotale>
        <AliquotaIVA>10.00</AliquotaIVA>
      </DettaglioLinee>
      <DettaglioLinee>
        <NumeroLinea>9</NumeroLinea>
        <Descrizione>Sono amici</Descrizione>
        <Quantita>1.00</Quantita>
        <PrezzoUnitario>0.00</PrezzoUnitario>
        <PrezzoTotale>0.00</PrezzoTotale>
        <AliquotaIVA>10.00</AliquotaIVA>
      </DettaglioLinee>
      <DettaglioLinee>
        <NumeroLinea>10</NumeroLinea>
        <Descrizione>ZATTERA</Descrizione>
        <Quantita>1.00</Quantita>
        <PrezzoUnitario>7.47163636</PrezzoUnitario>
        <PrezzoTotale>7.47163636</PrezzoTotale>
        <AliquotaIVA>10.00</AliquotaIVA>
      </DettaglioLinee>
      <DettaglioLinee>
        <NumeroLinea>11</NumeroLinea>
        <Descrizione>COCA ZERO</Descrizione>
        <Quantita>3.00</Quantita>
        <PrezzoUnitario>2.17922727</PrezzoUnitario>
        <PrezzoTotale>6.53768181</PrezzoTotale>
        <AliquotaIVA>10.00</AliquotaIVA>
      </DettaglioLinee>
      <DettaglioLinee>
        <NumeroLinea>12</NumeroLinea>
        <Descrizione>CAFFE</Descrizione>
        <Quantita>2.00</Quantita>
        <PrezzoUnitario>0.93395454</PrezzoUnitario>
        <PrezzoTotale>1.86790908</PrezzoTotale>
        <AliquotaIVA>10.00</AliquotaIVA>
      </DettaglioLinee>
      <DettaglioLinee>
        <NumeroLinea>13</NumeroLinea>
        <Descrizione>DESS DOLCE CASA</Descrizione>
        <Quantita>1.00</Quantita>
        <PrezzoUnitario>4.35845454</PrezzoUnitario>
        <PrezzoTotale>4.35845454</PrezzoTotale>
        <AliquotaIVA>10.00</AliquotaIVA>
      </DettaglioLinee>
      <DatiRiepilogo>
        <AliquotaIVA>10.00</AliquotaIVA>
        <ImponibileImporto>63.63</ImponibileImporto>
        <Imposta>6.36</Imposta>
        <EsigibilitaIVA>I</EsigibilitaIVA>
      </DatiRiepilogo>
    </DatiBeniServizi>
    <DatiPagamento>
      <CondizioniPagamento>TP02</CondizioniPagamento>
      <DettaglioPagamento>
        <ModalitaPagamento>MP08</ModalitaPagamento>
        <ImportoPagamento>70.00</ImportoPagamento>
      </DettaglioPagamento>
    </DatiPagamento>
  </FatturaElettronicaBody>
</p:FatturaElettronica>