<?xml version="1.0" encoding="UTF-8" standalone="yes"?>
<p:FatturaElettronica versione="FPR12" xmlns:ds="http://www.w3.org/2000/09/xmldsig#" xmlns:p="http://ivaservizi.agenziaentrate.gov.it/docs/xsd/fatture/v1.2" xmlns:xsi="http://www.w3.org/2001/XMLSchema-instance" xsi:schemaLocation="http://ivaservizi.agenziaentrate.gov.it/docs/xsd/fatture/v1.2 fatturaordinaria_v1.2.xsd"><FatturaElettronicaHeader><DatiTrasmissione><IdTrasmittente><IdPaese>IT</IdPaese><IdCodice>02994740617</IdCodice></IdTrasmittente><ProgressivoInvio>822</ProgressivoInvio><FormatoTrasmissione>FPR12</FormatoTrasmissione><CodiceDestinatario>KRRH6B9</CodiceDestinatario><ContattiTrasmittente><Telefono>0823354077</Telefono><Email>info@pec.pacificolibri.it</Email></ContattiTrasmittente></DatiTrasmissione><CedentePrestatore><DatiAnagrafici><IdFiscaleIVA><IdPaese>IT</IdPaese><IdCodice>02994740617</IdCodice></IdFiscaleIVA><CodiceFiscale>02994740617</CodiceFiscale><Anagrafica><Denominazione>Pacifico Libri s.r.l.</Denominazione></Anagrafica><AlboProfessionale>Registro delle Imprese</AlboProfessionale><ProvinciaAlbo>CE</ProvinciaAlbo><NumeroIscrizioneAlbo>02994740617</NumeroIscrizioneAlbo><DataIscrizioneAlbo>2003-11-14</DataIscrizioneAlbo><RegimeFiscale>RF07</RegimeFiscale></DatiAnagrafici><Sede><Indirizzo>Via A. Ceccano 7/17</Indirizzo><CAP>81100</CAP><Comune>CASERTA</Comune><Provincia>CE</Provincia><Nazione>IT</Nazione></Sede><StabileOrganizzazione><Indirizzo>Via A. Ceccano 7/17</Indirizzo><CAP>81100</CAP><Comune>CASERTA</Comune><Provincia>CE</Provincia><Nazione>IT</Nazione></StabileOrganizzazione><IscrizioneREA><Ufficio>CE</Ufficio><NumeroREA>210990</NumeroREA><CapitaleSociale>100000.00</CapitaleSociale><SocioUnico>SM</SocioUnico><StatoLiquidazione>LN</StatoLiquidazione></IscrizioneREA><Contatti><Telefono>0823354077</Telefono><Fax>0823356133</Fax><Email>info@pec.pacificolibri.it</Email></Contatti></CedentePrestatore><CessionarioCommittente><DatiAnagrafici><IdFiscaleIVA><IdPaese>IT</IdPaese><IdCodice>17044041006</IdCodice></IdFiscaleIVA><Anagrafica><Denominazione>RB CONSULTING SRL</Denominazione></Anagrafica></DatiAnagrafici><Sede><Indirizzo>VIA DEI VECCHI PINI 13</Indirizzo><CAP>81100</CAP><Comune>CASERTA</Comune><Provincia>CE</Provincia><Nazione>IT</Nazione></Sede></CessionarioCommittente><SoggettoEmittente>CC</SoggettoEmittente></FatturaElettronicaHeader><FatturaElettronicaBody><DatiGenerali><DatiGeneraliDocumento><TipoDocumento>TD01</TipoDocumento><Divisa>EUR</Divisa><Data>2025-10-06</Data><Numero>822</Numero><DatiRitenuta><TipoRitenuta>RT02</TipoRitenuta><ImportoRitenuta>0.00</ImportoRitenuta><AliquotaRitenuta>0.00</AliquotaRitenuta><CausalePagamento>A</CausalePagamento></DatiRitenuta><ImportoTotaleDocumento>367.30</ImportoTotaleDocumento><Arrotondamento>0.00</Arrotondamento><Causale>Vendita Libri</Causale></DatiGeneraliDocumento><FatturaPrincipale><NumeroFatturaPrincipale>822</NumeroFatturaPrincipale><DataFatturaPrincipale>2025-10-06</DataFatturaPrincipale></FatturaPrincipale></DatiGenerali><DatiBeniServizi><DettaglioLinee><NumeroLinea>1</NumeroLinea><TipoCessionePrestazione>SC</TipoCessionePrestazione><CodiceArticolo><CodiceTipo>EAN</CodiceTipo><CodiceValore>9788830208780</CodiceValore></CodiceArticolo><Descrizione>BRANCATI - COMUNICARE STORIA NE - LA NUOVA ITALIA EDITRICE</Descrizione><Quantita>1.00</Quantita><UnitaMisura>nr</UnitaMisura><PrezzoUnitario>35.30</PrezzoUnitario><ScontoMaggiorazione><Tipo>SC</Tipo><Percentuale>0.00</Percentuale></ScontoMaggiorazione><PrezzoTotale>35.30000000</PrezzoTotale><AliquotaIVA>0.00</AliquotaIVA><Natura>N2.2</Natura></DettaglioLinee><DettaglioLinee><NumeroLinea>2</NumeroLinea><TipoCessionePrestazione>SC</TipoCessionePrestazione><CodiceArticolo><CodiceTipo>EAN</CodiceTipo><CodiceValore>9788830206779</CodiceValore></CodiceArticolo><Descrizione>SAMBUGAR - CODICE LETTERARIO 3A - LA NUOVA ITALIA EDITRICE</Descrizione><Quantita>1.00</Quantita><UnitaMisura>nr</UnitaMisura><PrezzoUnitario>57.50</PrezzoUnitario><ScontoMaggiorazione><Tipo>SC</Tipo><Percentuale>0.00</Percentuale></ScontoMaggiorazione><PrezzoTotale>57.50000000</PrezzoTotale><AliquotaIVA>0.00</AliquotaIVA><Natura>N2.2</Natura></DettaglioLinee><DettaglioLinee><NumeroLinea>3</NumeroLinea><TipoCessionePrestazione>SC</TipoCessionePrestazione><CodiceArticolo><CodiceTipo>EAN</CodiceTipo><CodiceValore>9788839528063</CodiceValore></CodiceArticolo><Descrizione>ABBAGNANO - CON FILOSOFARE 3A+3B - PARAVIA</Descrizione><Quantita>1.00</Quantita><UnitaMisura>nr</UnitaMisura><PrezzoUnitario>55.80</PrezzoUnitario><ScontoMaggiorazione><Tipo>SC</Tipo><Percentuale>0.00</Percentuale></ScontoMaggiorazione><PrezzoTotale>55.80000000</PrezzoTotale><AliquotaIVA>0.00</AliquotaIVA><Natura>N2.2</Natura></DettaglioLinee><DettaglioLinee><NumeroLinea>4</NumeroLinea><TipoCessionePrestazione>SC</TipoCessionePrestazione><CodiceArticolo><CodiceTipo>EAN</CodiceTipo><CodiceValore>9788805078578</CodiceValore></CodiceArticolo><Descrizione>DIOTTI  - LIBRI ET HOMINES 3 N - SEI</Descrizione><Quantita>1.00</Quantita><UnitaMisura>nr</UnitaMisura><PrezzoUnitario>32.90</PrezzoUnitario><ScontoMaggiorazione><Tipo>SC</Tipo><Percentuale>0.00</Percentuale></ScontoMaggiorazione><PrezzoTotale>32.90000000</PrezzoTotale><AliquotaIVA>0.00</AliquotaIVA><Natura>N2.2</Natura></DettaglioLinee><DettaglioLinee><NumeroLinea>5</NumeroLinea><TipoCessionePrestazione>SC</TipoCessionePrestazione><CodiceArticolo><CodiceTipo>EAN</CodiceTipo><CodiceValore>9788808914057</CodiceValore></CodiceArticolo><Descrizione>AMALDI - NUOVO AMALDI 3 X SCI - ZANICHELLI EDITORE</Descrizione><Quantita>1.00</Quantita><UnitaMisura>nr</UnitaMisura><PrezzoUnitario>36.40</PrezzoUnitario><ScontoMaggiorazione><Tipo>SC</Tipo><Percentuale>0.00</Percentuale></ScontoMaggiorazione><PrezzoTotale>36.40000000</PrezzoTotale><AliquotaIVA>0.00</AliquotaIVA><Natura>N2.2</Natura></DettaglioLinee><DettaglioLinee><NumeroLinea>6</NumeroLinea><TipoCessionePrestazione>SC</TipoCessionePrestazione><CodiceArticolo><CodiceTipo>EAN</CodiceTipo><CodiceValore>9788808902733</CodiceValore></CodiceArticolo><Descrizione>BERGAMINI - MATEMATICA BLU 2.0 5 - ZANICHELLI EDITORE</Descrizione><Quantita>1.00</Quantita><UnitaMisura>nr</UnitaMisura><PrezzoUnitario>44.70</PrezzoUnitario><ScontoMaggiorazione><Tipo>SC</Tipo><Percentuale>0.00</Percentuale></ScontoMaggiorazione><PrezzoTotale>44.70000000</PrezzoTotale><AliquotaIVA>0.00</AliquotaIVA><Natura>N2.2</Natura></DettaglioLinee><DettaglioLinee><NumeroLinea>7</NumeroLinea><TipoCessionePrestazione>SC</TipoCessionePrestazione><CodiceArticolo><CodiceTipo>EAN</CodiceTipo><CodiceValore>9788808922762</CodiceValore></CodiceArticolo><Descrizione>CRICCO - ITINERARIO NELL ARTE - ZANICHELLI EDITORE</Descrizione><Quantita>1.00</Quantita><UnitaMisura>nr</UnitaMisura><PrezzoUnitario>37.90</PrezzoUnitario><ScontoMaggiorazione><Tipo>SC</Tipo><Percentuale>0.00</Percentuale></ScontoMaggiorazione><PrezzoTotale>37.90000000</PrezzoTotale><AliquotaIVA>0.00</AliquotaIVA><Natura>N2.2</Natura></DettaglioLinee><DettaglioLinee><NumeroLinea>8</NumeroLinea><TipoCessionePrestazione>SC</TipoCessionePrestazione><CodiceArticolo><CodiceTipo>EAN</CodiceTipo><CodiceValore>9788808199874</CodiceValore></CodiceArticolo><Descrizione>KLEIN - RACCONTO DELLE SCIEN - ZANICHELLI EDITORE</Descrizione><Quantita>1.00</Quantita><UnitaMisura>nr</UnitaMisura><PrezzoUnitario>29.60</PrezzoUnitario><ScontoMaggiorazione><Tipo>SC</Tipo><Percentuale>0.00</Percentuale></ScontoMaggiorazione><PrezzoTotale>29.60000000</PrezzoTotale><AliquotaIVA>0.00</AliquotaIVA><Natura>N2.2</Natura></DettaglioLinee><DettaglioLinee><NumeroLinea>9</NumeroLinea><TipoCessionePrestazione>SC</TipoCessionePrestazione><CodiceArticolo><CodiceTipo>EAN</CodiceTipo><CodiceValore>9788808301857</CodiceValore></CodiceArticolo><Descrizione>SPIAZZI  - PERFORMER HERITAGE 2 - ZANICHELLI EDITORE</Descrizione><Quantita>1.00</Quantita><UnitaMisura>nr</UnitaMisura><PrezzoUnitario>37.20</PrezzoUnitario><ScontoMaggiorazione><Tipo>SC</Tipo><Percentuale>0.00</Percentuale></ScontoMaggiorazione><PrezzoTotale>37.20000000</PrezzoTotale><AliquotaIVA>0.00</AliquotaIVA><Natura>N2.2</Natura></DettaglioLinee><DatiRiepilogo><AliquotaIVA>0.00</AliquotaIVA><Natura>N2.2</Natura><ImponibileImporto>35.30</ImponibileImporto><Imposta>0.00</Imposta><RiferimentoNormativo>IVA ASSOLTA DALL' EDITORE ART. 74 1 COMMA LETT C DEL DPR 633-1972</RiferimentoNormativo></DatiRiepilogo><DatiRiepilogo><AliquotaIVA>0.00</AliquotaIVA><Natura>N2.2</Natura><ImponibileImporto>57.50</ImponibileImporto><Imposta>0.00</Imposta><RiferimentoNormativo>IVA ASSOLTA DALL' EDITORE ART. 74 1 COMMA LETT C DEL DPR 633-1972</RiferimentoNormativo></DatiRiepilogo><DatiRiepilogo><AliquotaIVA>0.00</AliquotaIVA><Natura>N2.2</Natura><ImponibileImporto>55.80</ImponibileImporto><Imposta>0.00</Imposta><RiferimentoNormativo>IVA ASSOLTA DALL' EDITORE ART. 74 1 COMMA LETT C DEL DPR 633-1972</RiferimentoNormativo></DatiRiepilogo><DatiRiepilogo><AliquotaIVA>0.00</AliquotaIVA><Natura>N2.2</Natura><ImponibileImporto>32.90</ImponibileImporto><Imposta>0.00</Imposta><RiferimentoNormativo>IVA ASSOLTA DALL' EDITORE ART. 74 1 COMMA LETT C DEL DPR 633-1972</RiferimentoNormativo></DatiRiepilogo><DatiRiepilogo><AliquotaIVA>0.00</AliquotaIVA><Natura>N2.2</Natura><ImponibileImporto>36.40</ImponibileImporto><Imposta>0.00</Imposta><RiferimentoNormativo>IVA ASSOLTA DALL' EDITORE ART. 74 1 COMMA LETT C DEL DPR 633-1972</RiferimentoNormativo></DatiRiepilogo><DatiRiepilogo><AliquotaIVA>0.00</AliquotaIVA><Natura>N2.2</Natura><ImponibileImporto>44.70</ImponibileImporto><Imposta>0.00</Imposta><RiferimentoNormativo>IVA ASSOLTA DALL' EDITORE ART. 74 1 COMMA LETT C DEL DPR 633-1972</RiferimentoNormativo></DatiRiepilogo><DatiRiepilogo><AliquotaIVA>0.00</AliquotaIVA><Natura>N2.2</Natura><ImponibileImporto>37.90</ImponibileImporto><Imposta>0.00</Imposta><RiferimentoNormativo>IVA ASSOLTA DALL' EDITORE ART. 74 1 COMMA LETT C DEL DPR 633-1972</RiferimentoNormativo></DatiRiepilogo><DatiRiepilogo><AliquotaIVA>0.00</AliquotaIVA><Natura>N2.2</Natura><ImponibileImporto>29.60</ImponibileImporto><Imposta>0.00</Imposta><RiferimentoNormativo>IVA ASSOLTA DALL' EDITORE ART. 74 1 COMMA LETT C DEL DPR 633-1972</RiferimentoNormativo></DatiRiepilogo><DatiRiepilogo><AliquotaIVA>0.00</AliquotaIVA><Natura>N2.2</Natura><ImponibileImporto>37.20</ImponibileImporto><Imposta>0.00</Imposta><RiferimentoNormativo>IVA ASSOLTA DALL' EDITORE ART. 74 1 COMMA LETT C DEL DPR 633-1972</RiferimentoNormativo></DatiRiepilogo></DatiBeniServizi><DatiPagamento><CondizioniPagamento>TP02</CondizioniPagamento><DettaglioPagamento><ModalitaPagamento>MP08</ModalitaPagamento><ImportoPagamento>367.30</ImportoPagamento></DettaglioPagamento></DatiPagamento></FatturaElettronicaBody></p:FatturaElettronica>
