<?xml version="1.0" encoding="UTF-8" standalone="yes"?>
<p:FatturaElettronica versione="FPR12" xmlns:ds="http://www.w3.org/2000/09/xmldsig#" xmlns:p="http://ivaservizi.agenziaentrate.gov.it/docs/xsd/fatture/v1.2" xmlns:xsi="http://www.w3.org/2001/XMLSchema-instance" xsi:schemaLocation="http://ivaservizi.agenziaentrate.gov.it/docs/xsd/fatture/v1.2 fatturaordinaria_v1.2.xsd"><FatturaElettronicaHeader><DatiTrasmissione><IdTrasmittente><IdPaese>IT</IdPaese><IdCodice>02994740617</IdCodice></IdTrasmittente><ProgressivoInvio>823</ProgressivoInvio><FormatoTrasmissione>FPR12</FormatoTrasmissione><CodiceDestinatario>KRRH6B9</CodiceDestinatario><ContattiTrasmittente><Telefono>0823354077</Telefono><Email>info@pec.pacificolibri.it</Email></ContattiTrasmittente></DatiTrasmissione><CedentePrestatore><DatiAnagrafici><IdFiscaleIVA><IdPaese>IT</IdPaese><IdCodice>02994740617</IdCodice></IdFiscaleIVA><CodiceFiscale>02994740617</CodiceFiscale><Anagrafica><Denominazione>Pacifico Libri s.r.l.</Denominazione></Anagrafica><AlboProfessionale>Registro delle Imprese</AlboProfessionale><ProvinciaAlbo>CE</ProvinciaAlbo><NumeroIscrizioneAlbo>02994740617</NumeroIscrizioneAlbo><DataIscrizioneAlbo>2003-11-14</DataIscrizioneAlbo><RegimeFiscale>RF07</RegimeFiscale></DatiAnagrafici><Sede><Indirizzo>Via A. Ceccano 7/17</Indirizzo><CAP>81100</CAP><Comune>CASERTA</Comune><Provincia>CE</Provincia><Nazione>IT</Nazione></Sede><StabileOrganizzazione><Indirizzo>Via A. Ceccano 7/17</Indirizzo><CAP>81100</CAP><Comune>CASERTA</Comune><Provincia>CE</Provincia><Nazione>IT</Nazione></StabileOrganizzazione><IscrizioneREA><Ufficio>CE</Ufficio><NumeroREA>210990</NumeroREA><CapitaleSociale>100000.00</CapitaleSociale><SocioUnico>SM</SocioUnico><StatoLiquidazione>LN</StatoLiquidazione></IscrizioneREA><Contatti><Telefono>0823354077</Telefono><Fax>0823356133</Fax><Email>info@pec.pacificolibri.it</Email></Contatti></CedentePrestatore><CessionarioCommittente><DatiAnagrafici><IdFiscaleIVA><IdPaese>IT</IdPaese><IdCodice>17044041006</IdCodice></IdFiscaleIVA><Anagrafica><Denominazione>RB CONSULTING SRL</Denominazione></Anagrafica></DatiAnagrafici><Sede><Indirizzo>VIA DEI VECCHI PINI 13</Indirizzo><CAP>81100</CAP><Comune>CASERTA</Comune><Provincia>CE</Provincia><Nazione>IT</Nazione></Sede></CessionarioCommittente><SoggettoEmittente>CC</SoggettoEmittente></FatturaElettronicaHeader><FatturaElettronicaBody><DatiGenerali><DatiGeneraliDocumento><TipoDocumento>TD01</TipoDocumento><Divisa>EUR</Divisa><Data>2025-10-06</Data><Numero>823</Numero><DatiRitenuta><TipoRitenuta>RT02</TipoRitenuta><ImportoRitenuta>0.00</ImportoRitenuta><AliquotaRitenuta>0.00</AliquotaRitenuta><CausalePagamento>A</CausalePagamento></DatiRitenuta><ImportoTotaleDocumento>439.80</ImportoTotaleDocumento><Arrotondamento>0.00</Arrotondamento><Causale>Vendita Libri</Causale></DatiGeneraliDocumento><FatturaPrincipale><NumeroFatturaPrincipale>823</NumeroFatturaPrincipale><DataFatturaPrincipale>2025-10-06</DataFatturaPrincipale></FatturaPrincipale></DatiGenerali><DatiBeniServizi><DettaglioLinee><NumeroLinea>1</NumeroLinea><TipoCessionePrestazione>SC</TipoCessionePrestazione><CodiceArticolo><CodiceTipo>EAN</CodiceTipo><CodiceValore>9788830208766</CodiceValore></CodiceArticolo><Descrizione>BRANCATI - COMUNICARE STORIA NE - LA NUOVA ITALIA EDITRICE</Descrizione><Quantita>1.00</Quantita><UnitaMisura>nr</UnitaMisura><PrezzoUnitario>33.80</PrezzoUnitario><ScontoMaggiorazione><Tipo>SC</Tipo><Percentuale>0.00</Percentuale></ScontoMaggiorazione><PrezzoTotale>33.80000000</PrezzoTotale><AliquotaIVA>0.00</AliquotaIVA><Natura>N2.2</Natura></DettaglioLinee><DettaglioLinee><NumeroLinea>2</NumeroLinea><TipoCessionePrestazione>SC</TipoCessionePrestazione><CodiceArticolo><CodiceTipo>EAN</CodiceTipo><CodiceValore>9788839537522</CodiceValore></CodiceArticolo><Descrizione>ABBAGNANO - FILOSOFIA E L ESISTE - PARAVIA</Descrizione><Quantita>1.00</Quantita><UnitaMisura>nr</UnitaMisura><PrezzoUnitario>41.10</PrezzoUnitario><ScontoMaggiorazione><Tipo>SC</Tipo><Percentuale>0.00</Percentuale></ScontoMaggiorazione><PrezzoTotale>41.10000000</PrezzoTotale><AliquotaIVA>0.00</AliquotaIVA><Natura>N2.2</Natura></DettaglioLinee><DettaglioLinee><NumeroLinea>3</NumeroLinea><TipoCessionePrestazione>SC</TipoCessionePrestazione><CodiceArticolo><CodiceTipo>EAN</CodiceTipo><CodiceValore>9788805078004</CodiceValore></CodiceArticolo><Descrizione>JACOMUZZI - LETTERATURA 1 +SCRIT - SEI</Descrizione><Quantita>1.00</Quantita><UnitaMisura>nr</UnitaMisura><PrezzoUnitario>38.00</PrezzoUnitario><ScontoMaggiorazione><Tipo>SC</Tipo><Percentuale>0.00</Percentuale></ScontoMaggiorazione><PrezzoTotale>38.00000000</PrezzoTotale><AliquotaIVA>0.00</AliquotaIVA><Natura>N2.2</Natura></DettaglioLinee><DettaglioLinee><NumeroLinea>4</NumeroLinea><TipoCessionePrestazione>SC</TipoCessionePrestazione><CodiceArticolo><CodiceTipo>EAN</CodiceTipo><CodiceValore>9788808832429</CodiceValore></CodiceArticolo><Descrizione>AMALDI - TRAIETTORIE DELLA FI - ZANICHELLI EDITORE</Descrizione><Quantita>1.00</Quantita><UnitaMisura>nr</UnitaMisura><PrezzoUnitario>33.90</PrezzoUnitario><ScontoMaggiorazione><Tipo>SC</Tipo><Percentuale>0.00</Percentuale></ScontoMaggiorazione><PrezzoTotale>33.90000000</PrezzoTotale><AliquotaIVA>0.00</AliquotaIVA><Natura>N2.2</Natura></DettaglioLinee><DettaglioLinee><NumeroLinea>5</NumeroLinea><TipoCessionePrestazione>SC</TipoCessionePrestazione><CodiceArticolo><CodiceTipo>EAN</CodiceTipo><CodiceValore>9788808930552</CodiceValore></CodiceArticolo><Descrizione>BERGAMINI - MATEMATICA AZZURRO 3 - ZANICHELLI EDITORE</Descrizione><Quantita>1.00</Quantita><UnitaMisura>nr</UnitaMisura><PrezzoUnitario>30.30</PrezzoUnitario><ScontoMaggiorazione><Tipo>SC</Tipo><Percentuale>0.00</Percentuale></ScontoMaggiorazione><PrezzoTotale>30.30000000</PrezzoTotale><AliquotaIVA>0.00</AliquotaIVA><Natura>N2.2</Natura></DettaglioLinee><DettaglioLinee><NumeroLinea>6</NumeroLinea><TipoCessionePrestazione>SC</TipoCessionePrestazione><CodiceArticolo><CodiceTipo>EAN</CodiceTipo><CodiceValore>9788808320315</CodiceValore></CodiceArticolo><Descrizione>CORTI - MELIORIBUS ANNIS 1 N - ZANICHELLI EDITORE</Descrizione><Quantita>1.00</Quantita><UnitaMisura>nr</UnitaMisura><PrezzoUnitario>36.60</PrezzoUnitario><ScontoMaggiorazione><Tipo>SC</Tipo><Percentuale>0.00</Percentuale></ScontoMaggiorazione><PrezzoTotale>36.60000000</PrezzoTotale><AliquotaIVA>0.00</AliquotaIVA><Natura>N2.2</Natura></DettaglioLinee><DettaglioLinee><NumeroLinea>7</NumeroLinea><TipoCessionePrestazione>SC</TipoCessionePrestazione><CodiceArticolo><CodiceTipo>EAN</CodiceTipo><CodiceValore>9788808768773</CodiceValore></CodiceArticolo><Descrizione>CRICCO - ITINERARIO NELL ARTE - ZANICHELLI EDITORE</Descrizione><Quantita>1.00</Quantita><UnitaMisura>nr</UnitaMisura><PrezzoUnitario>33.40</PrezzoUnitario><ScontoMaggiorazione><Tipo>SC</Tipo><Percentuale>0.00</Percentuale></ScontoMaggiorazione><PrezzoTotale>33.40000000</PrezzoTotale><AliquotaIVA>0.00</AliquotaIVA><Natura>N2.2</Natura></DettaglioLinee><DettaglioLinee><NumeroLinea>8</NumeroLinea><TipoCessionePrestazione>SC</TipoCessionePrestazione><CodiceArticolo><CodiceTipo>EAN</CodiceTipo><CodiceValore>9788808533616</CodiceValore></CodiceArticolo><Descrizione>DANTE - ANTOLOGIA DELLA COMM - ZANICHELLI EDITORE</Descrizione><Quantita>1.00</Quantita><UnitaMisura>nr</UnitaMisura><PrezzoUnitario>31.70</PrezzoUnitario><ScontoMaggiorazione><Tipo>SC</Tipo><Percentuale>0.00</Percentuale></ScontoMaggiorazione><PrezzoTotale>31.70000000</PrezzoTotale><AliquotaIVA>0.00</AliquotaIVA><Natura>N2.2</Natura></DettaglioLinee><DettaglioLinee><NumeroLinea>9</NumeroLinea><TipoCessionePrestazione>SC</TipoCessionePrestazione><CodiceArticolo><CodiceTipo>EAN</CodiceTipo><CodiceValore>9788808620156</CodiceValore></CodiceArticolo><Descrizione>LEPERA - QUANTO SIAMO CLASSIC - ZANICHELLI EDITORE</Descrizione><Quantita>1.00</Quantita><UnitaMisura>nr</UnitaMisura><PrezzoUnitario>38.90</PrezzoUnitario><ScontoMaggiorazione><Tipo>SC</Tipo><Percentuale>0.00</Percentuale></ScontoMaggiorazione><PrezzoTotale>38.90000000</PrezzoTotale><AliquotaIVA>0.00</AliquotaIVA><Natura>N2.2</Natura></DettaglioLinee><DettaglioLinee><NumeroLinea>10</NumeroLinea><TipoCessionePrestazione>SC</TipoCessionePrestazione><CodiceArticolo><CodiceTipo>EAN</CodiceTipo><CodiceValore>9788808655585</CodiceValore></CodiceArticolo><Descrizione>RIPPA - VIAGGIO NELLA CHIMIC - ZANICHELLI EDITORE</Descrizione><Quantita>1.00</Quantita><UnitaMisura>nr</UnitaMisura><PrezzoUnitario>39.90</PrezzoUnitario><ScontoMaggiorazione><Tipo>SC</Tipo><Percentuale>0.00</Percentuale></ScontoMaggiorazione><PrezzoTotale>39.90000000</PrezzoTotale><AliquotaIVA>0.00</AliquotaIVA><Natura>N2.2</Natura></DettaglioLinee><DettaglioLinee><NumeroLinea>11</NumeroLinea><TipoCessionePrestazione>SC</TipoCessionePrestazione><CodiceArticolo><CodiceTipo>EAN</CodiceTipo><CodiceValore>9788808433947</CodiceValore></CodiceArticolo><Descrizione>RODIGHIERO - CON PAROLE ALATE 1 + - ZANICHELLI EDITORE</Descrizione><Quantita>1.00</Quantita><UnitaMisura>nr</UnitaMisura><PrezzoUnitario>50.30</PrezzoUnitario><ScontoMaggiorazione><Tipo>SC</Tipo><Percentuale>0.00</Percentuale></ScontoMaggiorazione><PrezzoTotale>50.30000000</PrezzoTotale><AliquotaIVA>0.00</AliquotaIVA><Natura>N2.2</Natura></DettaglioLinee><DettaglioLinee><NumeroLinea>12</NumeroLinea><TipoCessionePrestazione>SC</TipoCessionePrestazione><CodiceArticolo><CodiceTipo>EAN</CodiceTipo><CodiceValore>9788808467669</CodiceValore></CodiceArticolo><Descrizione>SPIAZZI - PERFORMER HERITAGE 1 - ZANICHELLI EDITORE</Descrizione><Quantita>1.00</Quantita><UnitaMisura>nr</UnitaMisura><PrezzoUnitario>31.90</PrezzoUnitario><ScontoMaggiorazione><Tipo>SC</Tipo><Percentuale>0.00</Percentuale></ScontoMaggiorazione><PrezzoTotale>31.90000000</PrezzoTotale><AliquotaIVA>0.00</AliquotaIVA><Natura>N2.2</Natura></DettaglioLinee><DatiRiepilogo><AliquotaIVA>0.00</AliquotaIVA><Natura>N2.2</Natura><ImponibileImporto>33.80</ImponibileImporto><Imposta>0.00</Imposta><RiferimentoNormativo>IVA ASSOLTA DALL' EDITORE ART. 74 1 COMMA LETT C DEL DPR 633-1972</RiferimentoNormativo></DatiRiepilogo><DatiRiepilogo><AliquotaIVA>0.00</AliquotaIVA><Natura>N2.2</Natura><ImponibileImporto>41.10</ImponibileImporto><Imposta>0.00</Imposta><RiferimentoNormativo>IVA ASSOLTA DALL' EDITORE ART. 74 1 COMMA LETT C DEL DPR 633-1972</RiferimentoNormativo></DatiRiepilogo><DatiRiepilogo><AliquotaIVA>0.00</AliquotaIVA><Natura>N2.2</Natura><ImponibileImporto>38.00</ImponibileImporto><Imposta>0.00</Imposta><RiferimentoNormativo>IVA ASSOLTA DALL' EDITORE ART. 74 1 COMMA LETT C DEL DPR 633-1972</RiferimentoNormativo></DatiRiepilogo><DatiRiepilogo><AliquotaIVA>0.00</AliquotaIVA><Natura>N2.2</Natura><ImponibileImporto>33.90</ImponibileImporto><Imposta>0.00</Imposta><RiferimentoNormativo>IVA ASSOLTA DALL' EDITORE ART. 74 1 COMMA LETT C DEL DPR 633-1972</RiferimentoNormativo></DatiRiepilogo><DatiRiepilogo><AliquotaIVA>0.00</AliquotaIVA><Natura>N2.2</Natura><ImponibileImporto>30.30</ImponibileImporto><Imposta>0.00</Imposta><RiferimentoNormativo>IVA ASSOLTA DALL' EDITORE ART. 74 1 COMMA LETT C DEL DPR 633-1972</RiferimentoNormativo></DatiRiepilogo><DatiRiepilogo><AliquotaIVA>0.00</AliquotaIVA><Natura>N2.2</Natura><ImponibileImporto>36.60</ImponibileImporto><Imposta>0.00</Imposta><RiferimentoNormativo>IVA ASSOLTA DALL' EDITORE ART. 74 1 COMMA LETT C DEL DPR 633-1972</RiferimentoNormativo></DatiRiepilogo><DatiRiepilogo><AliquotaIVA>0.00</AliquotaIVA><Natura>N2.2</Natura><ImponibileImporto>33.40</ImponibileImporto><Imposta>0.00</Imposta><RiferimentoNormativo>IVA ASSOLTA DALL' EDITORE ART. 74 1 COMMA LETT C DEL DPR 633-1972</RiferimentoNormativo></DatiRiepilogo><DatiRiepilogo><AliquotaIVA>0.00</AliquotaIVA><Natura>N2.2</Natura><ImponibileImporto>31.70</ImponibileImporto><Imposta>0.00</Imposta><RiferimentoNormativo>IVA ASSOLTA DALL' EDITORE ART. 74 1 COMMA LETT C DEL DPR 633-1972</RiferimentoNormativo></DatiRiepilogo><DatiRiepilogo><AliquotaIVA>0.00</AliquotaIVA><Natura>N2.2</Natura><ImponibileImporto>38.90</ImponibileImporto><Imposta>0.00</Imposta><RiferimentoNormativo>IVA ASSOLTA DALL' EDITORE ART. 74 1 COMMA LETT C DEL DPR 633-1972</RiferimentoNormativo></DatiRiepilogo><DatiRiepilogo><AliquotaIVA>0.00</AliquotaIVA><Natura>N2.2</Natura><ImponibileImporto>39.90</ImponibileImporto><Imposta>0.00</Imposta><RiferimentoNormativo>IVA ASSOLTA DALL' EDITORE ART. 74 1 COMMA LETT C DEL DPR 633-1972</RiferimentoNormativo></DatiRiepilogo><DatiRiepilogo><AliquotaIVA>0.00</AliquotaIVA><Natura>N2.2</Natura><ImponibileImporto>50.30</ImponibileImporto><Imposta>0.00</Imposta><RiferimentoNormativo>IVA ASSOLTA DALL' EDITORE ART. 74 1 COMMA LETT C DEL DPR 633-1972</RiferimentoNormativo></DatiRiepilogo><DatiRiepilogo><AliquotaIVA>0.00</AliquotaIVA><Natura>N2.2</Natura><ImponibileImporto>31.90</ImponibileImporto><Imposta>0.00</Imposta><RiferimentoNormativo>IVA ASSOLTA DALL' EDITORE ART. 74 1 COMMA LETT C DEL DPR 633-1972</RiferimentoNormativo></DatiRiepilogo></DatiBeniServizi><DatiPagamento><CondizioniPagamento>TP02</CondizioniPagamento><DettaglioPagamento><ModalitaPagamento>MP08</ModalitaPagamento><ImportoPagamento>439.80</ImportoPagamento></DettaglioPagamento></DatiPagamento></FatturaElettronicaBody></p:FatturaElettronica>
