<?xml version="1.0" encoding="UTF-8"?>
      <p:FatturaElettronica versione="FPR12" xmlns:p="http://ivaservizi.agenziaentrate.gov.it/docs/xsd/fatture/v1.2">
        <FatturaElettronicaHeader>
          <DatiTrasmissione>
            <IdTrasmittente>
              <IdPaese>IT</IdPaese>
              <IdCodice>06157670966</IdCodice>
            </IdTrasmittente>
            <ProgressivoInvio>00001</ProgressivoInvio>
            <FormatoTrasmissione>FPR12</FormatoTrasmissione>
            <CodiceDestinatario>KRRH6B9</CodiceDestinatario>
            <PECDestinatario>servizi@rbconsulenza.com</PECDestinatario>
          </DatiTrasmissione>
          <CedentePrestatore>
            <DatiAnagrafici>
              <IdFiscaleIVA>
                <IdPaese>IT</IdPaese>
                <IdCodice>06157670966</IdCodice>
              </IdFiscaleIVA>
              <Anagrafica>
                <Denominazione>OVH SRL</Denominazione>
              </Anagrafica>
              <RegimeFiscale>RF01</RegimeFiscale>
            </DatiAnagrafici>
            <Sede>
              <Indirizzo>Via Carlo Imbonati, 18</Indirizzo>
              <CAP>20159</CAP>
              <Comune>MILANO</Comune>
              <Provincia>MI</Provincia>
              <Nazione>IT</Nazione>
            </Sede>
          </CedentePrestatore>
          <CessionarioCommittente>
            <DatiAnagrafici>
              <IdFiscaleIVA>
                <IdPaese>IT</IdPaese>
                <IdCodice>17044041006</IdCodice>
              </IdFiscaleIVA>
              <Anagrafica>
                <Denominazione>RB CONSULTING s.r.l.</Denominazione>
              </Anagrafica>
            </DatiAnagrafici>
            <Sede>
              <Indirizzo>Via Crescenzio,25</Indirizzo>
              <CAP>00193</CAP>
              <Comune>ROMA</Comune>
              <Provincia>RM</Provincia>
              <Nazione>IT</Nazione>
            </Sede>
          </CessionarioCommittente>
        </FatturaElettronicaHeader>
        <FatturaElettronicaBody>
          <DatiGenerali>
            <DatiGeneraliDocumento>
              <TipoDocumento>TD01</TipoDocumento>
              <Divisa>EUR</Divisa>
              <Data>2025-10-02</Data>
              <Numero>IT2737229</Numero>
              <ImportoTotaleDocumento>1.82</ImportoTotaleDocumento>
            </DatiGeneraliDocumento>
          </DatiGenerali>
          <DatiBeniServizi>
            <DettaglioLinee>
              <NumeroLinea>1</NumeroLinea>
              <Descrizione>Acknowledgement of agora estimate</Descrizione>
              <Quantita>1.00</Quantita>
              <PrezzoUnitario>0.00</PrezzoUnitario>
              <PrezzoTotale>0.00</PrezzoTotale>
              <AliquotaIVA>22.00</AliquotaIVA>
            </DettaglioLinee>
            <DettaglioLinee>
              <NumeroLinea>2</NumeroLinea>
              <Descrizione>Zimbra Starter monthly pricing</Descrizione>
              <Quantita>1.00</Quantita>
              <PrezzoUnitario>0.30</PrezzoUnitario>
              <PrezzoTotale>0.30</PrezzoTotale>
              <AliquotaIVA>22.00</AliquotaIVA>
            </DettaglioLinee>
            <DettaglioLinee>
              <NumeroLinea>3</NumeroLinea>
              <Descrizione>Account Email Pro   1 mese</Descrizione>
              <Quantita>1.00</Quantita>
              <PrezzoUnitario>1.49</PrezzoUnitario>
              <PrezzoTotale>1.49</PrezzoTotale>
              <AliquotaIVA>22.00</AliquotaIVA>
            </DettaglioLinee>
            <DettaglioLinee>
              <NumeroLinea>4</NumeroLinea>
              <Descrizione>Free starter account with domain</Descrizione>
              <Quantita>1.00</Quantita>
              <PrezzoUnitario>-0.30</PrezzoUnitario>
              <PrezzoTotale>-0.30</PrezzoTotale>
              <AliquotaIVA>22.00</AliquotaIVA>
            </DettaglioLinee>
            <DatiRiepilogo>
              <AliquotaIVA>22.00</AliquotaIVA>
              <ImponibileImporto>1.49</ImponibileImporto>
              <Imposta>0.33</Imposta>
              <EsigibilitaIVA>I</EsigibilitaIVA>
            </DatiRiepilogo>
          </DatiBeniServizi>
          <DatiPagamento>
            <CondizioniPagamento>TP02</CondizioniPagamento>
            <DettaglioPagamento>
              <ModalitaPagamento>MP08</ModalitaPagamento>
              <DataScadenzaPagamento>2025-10-01</DataScadenzaPagamento>
              <ImportoPagamento>1.82</ImportoPagamento>
            </DettaglioPagamento>
          </DatiPagamento>
        </FatturaElettronicaBody>
      </p:FatturaElettronica>