﻿<?xml version="1.0" encoding="utf-8"?>
<p:FatturaElettronica versione="FPR12" xmlns:ds="http://www.w3.org/2000/09/xmldsig#" xmlns:xsi="http://www.w3.org/2001/XMLSchema-instance" xsi:schemaLocation="http://ivaservizi.agenziaentrate.gov.it/docs/xsd/fatture/v1.2 fatturaordinaria_v1.2.xsd" xmlns:p="http://ivaservizi.agenziaentrate.gov.it/docs/xsd/fatture/v1.2">
  <FatturaElettronicaHeader>
    <DatiTrasmissione>
      <IdTrasmittente>
        <IdPaese>IT</IdPaese>
        <IdCodice>11325150156</IdCodice>
      </IdTrasmittente>
      <ProgressivoInvio>NT04300039</ProgressivoInvio>
      <FormatoTrasmissione>FPR12</FormatoTrasmissione>
      <CodiceDestinatario>0000000</CodiceDestinatario>
      <PECDestinatario>info@rbconsulenza.com</PECDestinatario>
    </DatiTrasmissione>
    <CedentePrestatore>
      <DatiAnagrafici>
        <IdFiscaleIVA>
          <IdPaese>IT</IdPaese>
          <IdCodice>09247981005</IdCodice>
        </IdFiscaleIVA>
        <CodiceFiscale>09247981005</CodiceFiscale>
        <Anagrafica>
          <Denominazione>Italo - Nuovo Trasporto Viaggiatori S.p.A.</Denominazione>
        </Anagrafica>
        <RegimeFiscale>RF01</RegimeFiscale>
      </DatiAnagrafici>
      <Sede>
        <Indirizzo>Via Casilina 1</Indirizzo>
        <CAP>00182</CAP>
        <Comune>Roma</Comune>
        <Provincia>RM</Provincia>
        <Nazione>IT</Nazione>
      </Sede>
      <IscrizioneREA>
        <Ufficio>RM</Ufficio>
        <NumeroREA>1150652</NumeroREA>
        <CapitaleSociale>60017725.00</CapitaleSociale>
        <StatoLiquidazione>LN</StatoLiquidazione>
      </IscrizioneREA>
    </CedentePrestatore>
    <CessionarioCommittente>
      <DatiAnagrafici>
        <IdFiscaleIVA>
          <IdPaese>IT</IdPaese>
          <IdCodice>17044041006</IdCodice>
        </IdFiscaleIVA>
        <Anagrafica>
          <Denominazione>RB Consulting Srl</Denominazione>
        </Anagrafica>
      </DatiAnagrafici>
      <Sede>
        <Indirizzo>VIA CRESCENZIO,25</Indirizzo>
        <CAP>00193</CAP>
        <Comune>ROMA</Comune>
        <Provincia>RM</Provincia>
        <Nazione>IT</Nazione>
      </Sede>
    </CessionarioCommittente>
  </FatturaElettronicaHeader>
  <FatturaElettronicaBody>
    <DatiGenerali>
      <DatiGeneraliDocumento>
        <TipoDocumento>TD01</TipoDocumento>
        <Divisa>EUR</Divisa>
        <Data>2025-10-13</Data>
        <Numero>202590443941</Numero>
        <ImportoTotaleDocumento>59.90</ImportoTotaleDocumento>
      </DatiGeneraliDocumento>
      <DatiOrdineAcquisto>
        <IdDocumento>N.A.</IdDocumento>
      </DatiOrdineAcquisto>
    </DatiGenerali>
    <DatiBeniServizi>
      <DettaglioLinee>
        <NumeroLinea>1</NumeroLinea>
        <Descrizione>EDCG6J - Roma Termini - Napoli Afragola</Descrizione>
        <PrezzoUnitario>54.45</PrezzoUnitario>
        <PrezzoTotale>54.45</PrezzoTotale>
        <AliquotaIVA>10.00</AliquotaIVA>
      </DettaglioLinee>
      <DatiRiepilogo>
        <AliquotaIVA>10.00</AliquotaIVA>
        <Arrotondamento>-0.05</Arrotondamento>
        <ImponibileImporto>54.50</ImponibileImporto>
        <Imposta>5.45</Imposta>
        <RiferimentoNormativo>Vendite Corrispett. 10%</RiferimentoNormativo>
      </DatiRiepilogo>
    </DatiBeniServizi>
  </FatturaElettronicaBody>
</p:FatturaElettronica>