﻿<?xml version="1.0" encoding="utf-8"?>
<p:FatturaElettronica versione="FPR12" xmlns:ds="http://www.w3.org/2000/09/xmldsig#" xmlns:xsi="http://www.w3.org/2001/XMLSchema-instance" xsi:schemaLocation="http://ivaservizi.agenziaentrate.gov.it/docs/xsd/fatture/v1.2 fatturaordinaria_v1.2.xsd" xmlns:p="http://ivaservizi.agenziaentrate.gov.it/docs/xsd/fatture/v1.2">
  <FatturaElettronicaHeader>
    <DatiTrasmissione>
      <IdTrasmittente>
        <IdPaese>IT</IdPaese>
        <IdCodice>10209790152</IdCodice>
      </IdTrasmittente>
      <ProgressivoInvio>1943</ProgressivoInvio>
      <FormatoTrasmissione>FPR12</FormatoTrasmissione>
      <CodiceDestinatario>KRRH6B9</CodiceDestinatario>
    </DatiTrasmissione>
    <CedentePrestatore>
      <DatiAnagrafici>
        <IdFiscaleIVA>
          <IdPaese>IT</IdPaese>
          <IdCodice>07972861210</IdCodice>
        </IdFiscaleIVA>
        <CodiceFiscale>07972861210</CodiceFiscale>
        <Anagrafica>
          <Denominazione>FANUZZI &amp; PARTNER SRL</Denominazione>
        </Anagrafica>
        <RegimeFiscale>RF17</RegimeFiscale>
      </DatiAnagrafici>
      <Sede>
        <Indirizzo>VIA SOLIMENA</Indirizzo>
        <NumeroCivico>101</NumeroCivico>
        <CAP>80129</CAP>
        <Comune>Napoli</Comune>
        <Provincia>NA</Provincia>
        <Nazione>IT</Nazione>
      </Sede>
      <Contatti>
        <Telefono>0815560640</Telefono>
        <Email>INFO@STUDIOFANUZZI.IT</Email>
      </Contatti>
    </CedentePrestatore>
    <CessionarioCommittente>
      <DatiAnagrafici>
        <IdFiscaleIVA>
          <IdPaese>IT</IdPaese>
          <IdCodice>17044041006</IdCodice>
        </IdFiscaleIVA>
        <CodiceFiscale>17044041006</CodiceFiscale>
        <Anagrafica>
          <Denominazione>RB CONSULTING SRL</Denominazione>
        </Anagrafica>
      </DatiAnagrafici>
      <Sede>
        <Indirizzo>Via Crescenzio</Indirizzo>
        <NumeroCivico>25</NumeroCivico>
        <CAP>00193</CAP>
        <Comune>Roma</Comune>
        <Provincia>RM</Provincia>
        <Nazione>IT</Nazione>
      </Sede>
    </CessionarioCommittente>
  </FatturaElettronicaHeader>
  <FatturaElettronicaBody>
    <DatiGenerali>
      <DatiGeneraliDocumento>
        <TipoDocumento>TD01</TipoDocumento>
        <Divisa>EUR</Divisa>
        <Data>2025-10-01</Data>
        <Numero>163/E</Numero>
        <ImportoTotaleDocumento>854.00</ImportoTotaleDocumento>
      </DatiGeneraliDocumento>
    </DatiGenerali>
    <DatiBeniServizi>
      <DettaglioLinee>
        <NumeroLinea>1</NumeroLinea>
        <Descrizione>ELABORAZIONE DATI CONTABILI E CONSULENZA TRIBUTARIA SETTEMBRE</Descrizione>
        <PrezzoUnitario>700.00</PrezzoUnitario>
        <PrezzoTotale>700.00</PrezzoTotale>
        <AliquotaIVA>22.00</AliquotaIVA>
      </DettaglioLinee>
      <DatiRiepilogo>
        <AliquotaIVA>22.00</AliquotaIVA>
        <ImponibileImporto>700.00</ImponibileImporto>
        <Imposta>154.00</Imposta>
        <EsigibilitaIVA>D</EsigibilitaIVA>
      </DatiRiepilogo>
    </DatiBeniServizi>
    <DatiPagamento>
      <CondizioniPagamento>TP02</CondizioniPagamento>
      <DettaglioPagamento>
        <ModalitaPagamento>MP05</ModalitaPagamento>
        <DataScadenzaPagamento>2025-10-01</DataScadenzaPagamento>
        <ImportoPagamento>854.00</ImportoPagamento>
        <IstitutoFinanziario>BANCA GENERALI S.P.A.</IstitutoFinanziario>
        <IBAN>IT51Y0307502200CC8500566676</IBAN>
        <ABI>03075</ABI>
        <CAB>02200</CAB>
        <BIC>BGENIT2T</BIC>
      </DettaglioPagamento>
    </DatiPagamento>
  </FatturaElettronicaBody>
</p:FatturaElettronica>