﻿<?xml version="1.0" encoding="utf-8"?>
<p:FatturaElettronica versione="FPR12" xmlns:ds="http://www.w3.org/2000/09/xmldsig#" xmlns:xsi="http://www.w3.org/2001/XMLSchema-instance" xsi:schemaLocation="http://ivaservizi.agenziaentrate.gov.it/docs/xsd/fatture/v1.2 fatturaordinaria_v1.2.xsd" xmlns:p="http://ivaservizi.agenziaentrate.gov.it/docs/xsd/fatture/v1.2">
  <FatturaElettronicaHeader>
    <DatiTrasmissione>
      <IdTrasmittente>
        <IdPaese>IT</IdPaese>
        <IdCodice>10209790152</IdCodice>
      </IdTrasmittente>
      <ProgressivoInvio>61</ProgressivoInvio>
      <FormatoTrasmissione>FPR12</FormatoTrasmissione>
      <CodiceDestinatario>KRRH6B9</CodiceDestinatario>
    </DatiTrasmissione>
    <CedentePrestatore>
      <DatiAnagrafici>
        <IdFiscaleIVA>
          <IdPaese>IT</IdPaese>
          <IdCodice>14940891006</IdCodice>
        </IdFiscaleIVA>
        <CodiceFiscale>14940891006</CodiceFiscale>
        <Anagrafica>
          <Denominazione>GR HOLDING SRL</Denominazione>
        </Anagrafica>
        <RegimeFiscale>RF01</RegimeFiscale>
      </DatiAnagrafici>
      <Sede>
        <Indirizzo>VIA CRESCENZO</Indirizzo>
        <NumeroCivico>25</NumeroCivico>
        <CAP>00193</CAP>
        <Comune>Roma</Comune>
        <Provincia>RM</Provincia>
        <Nazione>IT</Nazione>
      </Sede>
      <IscrizioneREA>
        <Ufficio>RM</Ufficio>
        <NumeroREA>1557196</NumeroREA>
        <CapitaleSociale>7500.00</CapitaleSociale>
        <SocioUnico>SM</SocioUnico>
        <StatoLiquidazione>LN</StatoLiquidazione>
      </IscrizioneREA>
      <Contatti>
        <Telefono>08231870058</Telefono>
        <Email>g.russo@grholding.it</Email>
      </Contatti>
    </CedentePrestatore>
    <CessionarioCommittente>
      <DatiAnagrafici>
        <IdFiscaleIVA>
          <IdPaese>IT</IdPaese>
          <IdCodice>17044041006</IdCodice>
        </IdFiscaleIVA>
        <CodiceFiscale>17044041006</CodiceFiscale>
        <Anagrafica>
          <Denominazione>RB Consulting Srl</Denominazione>
        </Anagrafica>
      </DatiAnagrafici>
      <Sede>
        <Indirizzo>via Crescenzio</Indirizzo>
        <NumeroCivico>25</NumeroCivico>
        <CAP>00193</CAP>
        <Comune>Roma</Comune>
        <Provincia>RM</Provincia>
        <Nazione>IT</Nazione>
      </Sede>
    </CessionarioCommittente>
  </FatturaElettronicaHeader>
  <FatturaElettronicaBody>
    <DatiGenerali>
      <DatiGeneraliDocumento>
        <TipoDocumento>TD01</TipoDocumento>
        <Divisa>EUR</Divisa>
        <Data>2025-10-28</Data>
        <Numero>9</Numero>
        <ImportoTotaleDocumento>500.00</ImportoTotaleDocumento>
      </DatiGeneraliDocumento>
    </DatiGenerali>
    <DatiBeniServizi>
      <DettaglioLinee>
        <NumeroLinea>1</NumeroLinea>
        <Descrizione>Consulenza fiscale come da contratto del 26/02/2024 - competenza ottobre 2025</Descrizione>
        <PrezzoUnitario>409.84</PrezzoUnitario>
        <PrezzoTotale>409.84</PrezzoTotale>
        <AliquotaIVA>22.00</AliquotaIVA>
      </DettaglioLinee>
      <DatiRiepilogo>
        <AliquotaIVA>22.00</AliquotaIVA>
        <ImponibileImporto>409.84</ImponibileImporto>
        <Imposta>90.16</Imposta>
        <EsigibilitaIVA>I</EsigibilitaIVA>
      </DatiRiepilogo>
    </DatiBeniServizi>
    <DatiPagamento>
      <CondizioniPagamento>TP02</CondizioniPagamento>
      <DettaglioPagamento>
        <ModalitaPagamento>MP05</ModalitaPagamento>
        <DataScadenzaPagamento>2025-10-28</DataScadenzaPagamento>
        <ImportoPagamento>500.00</ImportoPagamento>
        <IstitutoFinanziario>Credito Emiliano Spa</IstitutoFinanziario>
        <IBAN>IT88F0303203200010000907726</IBAN>
        <ABI>03032</ABI>
        <CAB>03200</CAB>
      </DettaglioPagamento>
    </DatiPagamento>
  </FatturaElettronicaBody>
</p:FatturaElettronica>