﻿<?xml version="1.0" encoding="utf-8"?>
<p:FatturaElettronica versione="FPR12" xmlns:ds="http://www.w3.org/2000/09/xmldsig#" xmlns:xsi="http://www.w3.org/2001/XMLSchema-instance" xsi:schemaLocation="http://ivaservizi.agenziaentrate.gov.it/docs/xsd/fatture/v1.2 fatturaordinaria_v1.2.xsd" xmlns:p="http://ivaservizi.agenziaentrate.gov.it/docs/xsd/fatture/v1.2">
  <FatturaElettronicaHeader>
    <DatiTrasmissione>
      <IdTrasmittente>
        <IdPaese>IT</IdPaese>
        <IdCodice>10209790152</IdCodice>
      </IdTrasmittente>
      <ProgressivoInvio>64</ProgressivoInvio>
      <FormatoTrasmissione>FPR12</FormatoTrasmissione>
      <CodiceDestinatario>KRRH6B9</CodiceDestinatario>
    </DatiTrasmissione>
    <CedentePrestatore>
      <DatiAnagrafici>
        <IdFiscaleIVA>
          <IdPaese>IT</IdPaese>
          <IdCodice>03088590843</IdCodice>
        </IdFiscaleIVA>
        <CodiceFiscale>03088590843</CodiceFiscale>
        <Anagrafica>
          <Denominazione>RB RENT SRL</Denominazione>
        </Anagrafica>
        <RegimeFiscale>RF01</RegimeFiscale>
      </DatiAnagrafici>
      <Sede>
        <Indirizzo>via Maria Molossi</Indirizzo>
        <NumeroCivico>71/B</NumeroCivico>
        <CAP>26041</CAP>
        <Comune>Casalmaggiore</Comune>
        <Provincia>CR</Provincia>
        <Nazione>IT</Nazione>
      </Sede>
      <IscrizioneREA>
        <Ufficio>CR</Ufficio>
        <NumeroREA>333599</NumeroREA>
        <CapitaleSociale>2500.00</CapitaleSociale>
        <SocioUnico>SM</SocioUnico>
        <StatoLiquidazione>LN</StatoLiquidazione>
      </IscrizioneREA>
    </CedentePrestatore>
    <CessionarioCommittente>
      <DatiAnagrafici>
        <IdFiscaleIVA>
          <IdPaese>IT</IdPaese>
          <IdCodice>17044041006</IdCodice>
        </IdFiscaleIVA>
        <CodiceFiscale>17044041006</CodiceFiscale>
        <Anagrafica>
          <Denominazione>RB Consulting Srl</Denominazione>
        </Anagrafica>
      </DatiAnagrafici>
      <Sede>
        <Indirizzo>via Crescenzio</Indirizzo>
        <NumeroCivico>25</NumeroCivico>
        <CAP>00193</CAP>
        <Comune>Roma</Comune>
        <Provincia>RM</Provincia>
        <Nazione>IT</Nazione>
      </Sede>
    </CessionarioCommittente>
  </FatturaElettronicaHeader>
  <FatturaElettronicaBody>
    <DatiGenerali>
      <DatiGeneraliDocumento>
        <TipoDocumento>TD01</TipoDocumento>
        <Divisa>EUR</Divisa>
        <Data>2025-10-15</Data>
        <Numero>16</Numero>
        <ImportoTotaleDocumento>1464.00</ImportoTotaleDocumento>
      </DatiGeneraliDocumento>
    </DatiGenerali>
    <DatiBeniServizi>
      <DettaglioLinee>
        <NumeroLinea>1</NumeroLinea>
        <Descrizione>Noleggio Auto - Novembre 2025</Descrizione>
        <PrezzoUnitario>1000.00</PrezzoUnitario>
        <PrezzoTotale>1000.00</PrezzoTotale>
        <AliquotaIVA>22.00</AliquotaIVA>
      </DettaglioLinee>
      <DettaglioLinee>
        <NumeroLinea>2</NumeroLinea>
        <Descrizione>Oneri accessori</Descrizione>
        <PrezzoUnitario>200.00</PrezzoUnitario>
        <PrezzoTotale>200.00</PrezzoTotale>
        <AliquotaIVA>22.00</AliquotaIVA>
      </DettaglioLinee>
      <DatiRiepilogo>
        <AliquotaIVA>22.00</AliquotaIVA>
        <ImponibileImporto>1200.00</ImponibileImporto>
        <Imposta>264.00</Imposta>
        <EsigibilitaIVA>I</EsigibilitaIVA>
      </DatiRiepilogo>
    </DatiBeniServizi>
    <DatiPagamento>
      <CondizioniPagamento>TP02</CondizioniPagamento>
      <DettaglioPagamento>
        <ModalitaPagamento>MP05</ModalitaPagamento>
        <DataScadenzaPagamento>2025-10-15</DataScadenzaPagamento>
        <ImportoPagamento>1464.00</ImportoPagamento>
        <IstitutoFinanziario>Credito Emiliano Spa</IstitutoFinanziario>
        <IBAN>IT71W0303203200010000907995</IBAN>
        <ABI>03032</ABI>
        <CAB>03200</CAB>
      </DettaglioPagamento>
    </DatiPagamento>
  </FatturaElettronicaBody>
</p:FatturaElettronica>