<?xml version="1.0" encoding="windows-1252"?>                                                                                                                                                                               
<?xml-stylesheet type="text/xsl" href="fatturaordinaria_v1.2.xsl"?>                                                                                                                                                         
<p:FatturaElettronica versione="FPR12"                                                                                                                                                                                      
xmlns:ds="http://www.w3.org/2000/09/xmldsig#"                                                                                                                                                                               
xmlns:p="http://ivaservizi.agenziaentrate.gov.it/docs/xsd/fatture/v1.2"                                                                                                                                                     
xmlns:xsi="http://www.w3.org/2001/XMLSchema-instance">                                                                                                                                                                      
  <FatturaElettronicaHeader>
   <DatiTrasmissione>
    <IdTrasmittente>
     <IdPaese>SM</IdPaese>
                            <IdCodice>03473</IdCodice>
    </IdTrasmittente>
        <ProgressivoInvio>1/1251</ProgressivoInvio>
    <FormatoTrasmissione>FPR12</FormatoTrasmissione>
    <CodiceDestinatario>KRRH6B9</CodiceDestinatario>
   </DatiTrasmissione>
   <CedentePrestatore>
    <DatiAnagrafici>
     <IdFiscaleIVA>
      <IdPaese>IT</IdPaese>
                       <IdCodice>03196000610</IdCodice>
     </IdFiscaleIVA>
          <CodiceFiscale>03196000610</CodiceFiscale>
     <Anagrafica>
                                                                   <Denominazione>COSEBUONEDABERE SRL</Denominazione>
     </Anagrafica>
     <RegimeFiscale>RF01</RegimeFiscale>
    </DatiAnagrafici>
    <Sede>
                                                  <Indirizzo>VIA PERTINI, 23</Indirizzo>
     <CAP>81100</CAP>
                                                          <Comune>CASERTA</Comune>
     <Provincia>CE</Provincia>  
     <Nazione>IT</Nazione>
    </Sede>
    <IscrizioneREA>
     <Ufficio>CE</Ufficio>
                   <NumeroREA>225371</NumeroREA>
            <CapitaleSociale>10400.00</CapitaleSociale>
     <SocioUnico>SM</SocioUnico>
     <StatoLiquidazione>LN</StatoLiquidazione>
    </IscrizioneREA>
    <Contatti>
     <Telefono>0823326479  </Telefono>
     <Email>info@cosebuonedabere.it</Email>                                     
    </Contatti>
   </CedentePrestatore>
   <CessionarioCommittente>
    <DatiAnagrafici>
     <IdFiscaleIVA>
      <IdPaese>IT</IdPaese>
                       <IdCodice>17044041006</IdCodice>
     </IdFiscaleIVA>
     <Anagrafica>
                                                                     <Denominazione>RB CONSULTING SRL</Denominazione>
     </Anagrafica>
    </DatiAnagrafici>
    <Sede>
                                           <Indirizzo>VIA DEI VECCHI PINI 13</Indirizzo>
     <CAP>81100</CAP>
                                                          <Comune>CASERTA</Comune>
     <Provincia>CE</Provincia>
     <Nazione>IT</Nazione>
    </Sede>
   </CessionarioCommittente>
  </FatturaElettronicaHeader>
  <FatturaElettronicaBody>
   <DatiGenerali>
    <DatiGeneraliDocumento>
     <TipoDocumento>TD24</TipoDocumento>
     <Divisa>EUR</Divisa>
     <Data>2025-10-06</Data>
                   <Numero>1/1251</Numero>
     <ImportoTotaleDocumento>          36.71</ImportoTotaleDocumento>
     <Causale>Vendite</Causale>                                                                                                                                                                                             
    </DatiGeneraliDocumento>
    <DatiDDT>
                   <NumeroDDT>1/1229</NumeroDDT>
     <DataDDT>2025-10-06</DataDDT>
    </DatiDDT>
   </DatiGenerali>
   <DatiBeniServizi>
    <DettaglioLinee>
        <NumeroLinea>1</NumeroLinea>
     <CodiceArticolo>
      <CodiceTipo>PROPRIETARIO</CodiceTipo>                       
      <CodiceValore>721</CodiceValore>                                
     </CodiceArticolo>
     <Descrizione>ACQUA S.CROCE LT2
                                                                                                                                                                                      
</Descrizione>                                                                                                                                                                                                        
     <Quantita>            18.000000</Quantita>
             <UnitaMisura>BT</UnitaMisura>
     <PrezzoUnitario>             0.341500</PrezzoUnitario>
     <PrezzoTotale>                 6.15</PrezzoTotale>
     <AliquotaIVA>22.00</AliquotaIVA> 
    </DettaglioLinee>
    <DettaglioLinee>
        <NumeroLinea>2</NumeroLinea>
     <CodiceArticolo>
      <CodiceTipo>PROPRIETARIO</CodiceTipo>                       
      <CodiceValore>710</CodiceValore>                                
     </CodiceArticolo>
     <Descrizione>ACQUA SANT'ANNA LT2
                                                                                                                                                                                    
</Descrizione>                                                                                                                                                                                                        
     <Quantita>            18.000000</Quantita>
             <UnitaMisura>BT</UnitaMisura>
     <PrezzoUnitario>             0.491800</PrezzoUnitario>
     <PrezzoTotale>                 8.85</PrezzoTotale>
     <AliquotaIVA>22.00</AliquotaIVA> 
    </DettaglioLinee>
    <DettaglioLinee>
        <NumeroLinea>3</NumeroLinea>
     <CodiceArticolo>
      <CodiceTipo>PROPRIETARIO</CodiceTipo>                       
      <CodiceValore>724</CodiceValore>                                
     </CodiceArticolo>
     <Descrizione>ACQUA FERRARELLE LT1.5
                                                                                                                                                                                 
</Descrizione>                                                                                                                                                                                                        
     <Quantita>            24.000000</Quantita>
             <UnitaMisura>BT</UnitaMisura>
     <PrezzoUnitario>             0.341500</PrezzoUnitario>
     <PrezzoTotale>                 8.20</PrezzoTotale>
     <AliquotaIVA>22.00</AliquotaIVA> 
    </DettaglioLinee>
    <DettaglioLinee>
        <NumeroLinea>4</NumeroLinea>
     <CodiceArticolo>
      <CodiceTipo>PROPRIETARIO</CodiceTipo>                       
      <CodiceValore>1584</CodiceValore>                               
     </CodiceArticolo>
     <Descrizione>BIB. COCA COLA CL33 ZERO LAT
                                                                                                                                                                           
</Descrizione>                                                                                                                                                                                                        
     <Quantita>            12.000000</Quantita>
             <UnitaMisura>BT</UnitaMisura>
     <PrezzoUnitario>             0.532800</PrezzoUnitario>
     <PrezzoTotale>                 6.39</PrezzoTotale>
     <AliquotaIVA>22.00</AliquotaIVA> 
    </DettaglioLinee>
    <DettaglioLinee>
        <NumeroLinea>5</NumeroLinea>
     <TipoCessionePrestazione>AC</TipoCessionePrestazione>
     <Descrizione>SPESE DI TRASPORTO</Descrizione>
     <PrezzoUnitario>             0.500000</PrezzoUnitario>
     <PrezzoTotale>                 0.50</PrezzoTotale>
      <AliquotaIVA>22.00</AliquotaIVA>
    </DettaglioLinee>
    <DatiRiepilogo>
      <AliquotaIVA>22.00</AliquotaIVA>
     <ImponibileImporto>30.09          </ImponibileImporto>
     <Imposta>6.62           </Imposta>
     <EsigibilitaIVA>I</EsigibilitaIVA>
    </DatiRiepilogo>
   </DatiBeniServizi>
   <DatiPagamento>
    <CondizioniPagamento>TP02</CondizioniPagamento>
    <DettaglioPagamento>
     <ModalitaPagamento>MP05</ModalitaPagamento>
     <DataScadenzaPagamento>2025-10-06</DataScadenzaPagamento>
     <ImportoPagamento>36.71</ImportoPagamento>          
     <IstitutoFinanziario>B.C.C. TERRA DI LAVORO-S.VINCENZO DE</IstitutoFinanziario>                                            
     <IBAN>IT38X0898714900000000330899</IBAN>       
     <ABI>08987</ABI>
     <CAB>14900</CAB>
    </DettaglioPagamento>
   </DatiPagamento>
  </FatturaElettronicaBody>
 </p:FatturaElettronica>
