<Bill>
  <FileInformation>
    <Type>DOC</Type>
    <Version>15</Version>
    <ExportDate>2024-03-22T11:48:28Z</ExportDate>
    <Cancellation>No</Cancellation>
    <Seller>
      <Identification>1</Identification>
      <Description>Gold Tower</Description>
      <ProfileName>The New Century Gold Srl</ProfileName>
      <VATCode>07298141214</VATCode>
      <CompanyRegNumber>07298141214</CompanyRegNumber>
      <Address>Via Brecce a Sant'Erasmo, 165</Address>
      <City>Napoli</City>
      <Zip>80100</Zip>
      <County>NA</County>
      <Country>Italia</Country>
      <Telephone>081</Telephone>
      <Email>direzione@goldtowerhotel.it</Email>
      <Fax></Fax>
    </Seller>
  </FileInformation>
  <Head>
    <Terminal>
      <Identification>7</Identification>
      <Description>Reception 1</Description>
      <ExternalCode1></ExternalCode1>
      <ExternalCode2></ExternalCode2>
    </Terminal>
    <Operator>
      <Identification>1</Identification>
      <Description>Admin</Description>
    </Operator>
    <IdentificationTerminal>7</IdentificationTerminal>
    <Identification>45801</Identification>
    <Date>2024-03-22T11:48:25Z</Date>
    <ManagementDate>2024-03-22T00:00:00Z</ManagementDate>
    <Number>498FAHG</Number>
    <ExternalCode1></ExternalCode1>
    <ExternalCode2></ExternalCode2>
    <ExternalCode3></ExternalCode3>
    <ExternalCode4></ExternalCode4>
    <ExternalCode5></ExternalCode5>
    <ExternalCode6></ExternalCode6>
    <ExternalCode7></ExternalCode7>
    <ExternalCode8></ExternalCode8>
    <NotCollectTax>N</NotCollectTax>
    <CurrencyIsoCode>EUR</CurrencyIsoCode>
    <BillingMethod>
      <Identification>8</Identification>
      <Code>FAA</Code>
      <Description>Fattura Acconto</Description>
      <Features>
        <Feature>1</Feature>
      </Features>
    </BillingMethod>
    <AccountReceivable>
      <Identification>2</Identification>
      <Code>FA</Code>
      <Description>Fattura Hotel</Description>
      <ExternalCode></ExternalCode>
      <ExternalCode2></ExternalCode2>
      <CalculationType>0</CalculationType>
    </AccountReceivable>
    <Customer>
      <Identification>38090</Identification>
      <ExternalCode></ExternalCode>
      <ExternalCode2></ExternalCode2>
      <ProfileName>Rb Consulting S.R.L.</ProfileName>
      <Surname>Rb Consulting S.R.L.</Surname>
      <FirstName></FirstName>
      <VATCode>17044041006</VATCode>
      <RecipientCode></RecipientCode>
      <CertifiedMail>RBCONSULTINGSRL@PEC.IT</CertifiedMail>
      <CompanyRegNumber>17044041006</CompanyRegNumber>
      <Address>Via Crescenzio, 25</Address>
      <City>
        <Identification>167234</Identification>
        <Description>Roma</Description>
        <Zip>00195</Zip>
        <ExternalCode1></ExternalCode1>
        <ExternalCode2></ExternalCode2>
        <ExternalCode3></ExternalCode3>
      </City>
      <County>
        <Identification>183</Identification>
        <Code>RM</Code>
        <Description>Roma</Description>
        <ExternalCode1></ExternalCode1>
        <ExternalCode2>058</ExternalCode2>
        <ExternalCode3></ExternalCode3>
      </County>
      <State>
        <Identification>38</Identification>
        <Code>LA</Code>
        <Description>Lazio</Description>
        <ExternalCode1></ExternalCode1>
        <ExternalCode2>912</ExternalCode2>
        <ExternalCode3></ExternalCode3>
      </State>
      <Country>
        <Identification>3780</Identification>
        <Code>IT</Code>
        <Description>Italia</Description>
        <ExternalCode1>100000100</ExternalCode1>
        <ExternalCode2></ExternalCode2>
        <ExternalCode3></ExternalCode3>
        <GroupCountry>
          <Identification>0</Identification>
          <Code></Code>
          <Description></Description>
          <ExternalCode1></ExternalCode1>
          <ExternalCode2></ExternalCode2>
          <ExternalCode3></ExternalCode3>
        </GroupCountry>
      </Country>
      <ProtocolIntent></ProtocolIntent>
      <IntentDate></IntentDate>
      <IDDocument>
        <Identification>0</Identification>
        <Code></Code>
        <ExternalCode></ExternalCode>
        <Description></Description>
        <Number></Number>
        <Date>1899-12-31</Date>
      </IDDocument>
    </Customer>
    <CreditNote>No</CreditNote>
    <DisplayOptions>
      <Option>SottotipoRisorsa</Option>
      <Option>Risorsa</Option>
      <Option>PrezzoGiornaliero</Option>
      <Option>CodiceFiscale</Option>
      <Option>Retta</Option>
      <Option>Note</Option>
      <Option>CastellettoTasse</Option>
      <Option>RiclassificazioneLivelliRicavo</Option>
      <Option>PeriodoSoggiorno</Option>
      <Option>NoteDocumento</Option>
      <Option>Prenotato</Option>
      <Option>EliminaRigheVuote</Option>
      <Option>RiportaRiferimentoParcheggiati</Option>
      <Option>MostraTotaleExtra</Option>
    </DisplayOptions>
    <Notes></Notes>
    <OriginalDocumentData>
      <Identification></Identification>
      <Date></Date>
      <ManagementDate></ManagementDate>
      <Number></Number>
    </OriginalDocumentData>
  </Head>
  <Charges>
    <Charge>
      <Identification>476358</Identification>
      <Date>2024-03-22T00:00:00Z</Date>
      <ManagementDate>2024-03-22T11:48:17Z</ManagementDate>
      <Workstation>
        <Identification>7</Identification>
        <Code>RIC1</Code>
        <Name>Reception 1</Name>
        <ExternalCode1></ExternalCode1>
        <ExternalCode2></ExternalCode2>
      </Workstation>
      <Description>Acconto</Description>
      <MeasureUnit>
        <Id>0</Id>
        <Code></Code>
        <Description></Description>
        <ExternalCode></ExternalCode>
      </MeasureUnit>
      <ExcludeFromTheBill>No</ExcludeFromTheBill>
      <SplittedBillCharge>No</SplittedBillCharge>
      <SummarizedDocument>No</SummarizedDocument>
      <SummarizedDocumentData>
        <Identification>0</Identification>
        <Date></Date>
        <ManagementDate></ManagementDate>
        <Number>0</Number>
      </SummarizedDocumentData>
      <SummarizedDocumentBillingMethod>
        <Identification>0</Identification>
        <Code></Code>
        <Description></Description>
      </SummarizedDocumentBillingMethod>
      <SummarizedDocumentAccountReceivable>
        <Identification>0</Identification>
        <Code></Code>
        <Description></Description>
        <ExternalCode></ExternalCode>
        <ExternalCode2></ExternalCode2>
        <CalculationType></CalculationType>
      </SummarizedDocumentAccountReceivable>
      <OriginalDocumentData>
        <ChargeIdentification>0</ChargeIdentification>
        <Identification>0</Identification>
        <Date></Date>
        <ManagementDate></ManagementDate>
        <Number>0</Number>
      </OriginalDocumentData>
      <OriginalDocumentBillingMethod>
        <Identification>0</Identification>
        <Code></Code>
        <Description></Description>
      </OriginalDocumentBillingMethod>
      <OriginalDocumentAccountReceivable>
        <Identification>0</Identification>
        <Code></Code>
        <Description></Description>
        <ExternalCode></ExternalCode>
        <ExternalCode2></ExternalCode2>
        <CalculationType></CalculationType>
      </OriginalDocumentAccountReceivable>
      <UsedDownpaymentDocument>No</UsedDownpaymentDocument>
      <UsedDownpaymentDocumentData>
        <Identification>0</Identification>
        <Date></Date>
        <ManagementDate></ManagementDate>
        <Number>0</Number>
      </UsedDownpaymentDocumentData>
      <UsedDownpaymentDocumentBillingMethod>
        <Identification>0</Identification>
        <Code></Code>
        <Description></Description>
      </UsedDownpaymentDocumentBillingMethod>
      <UsedDownpaymentDocumentAccountReceivable>
        <Identification>0</Identification>
        <Code></Code>
        <Description></Description>
        <ExternalCode></ExternalCode>
        <ExternalCode2></ExternalCode2>
        <CalculationType></CalculationType>
      </UsedDownpaymentDocumentAccountReceivable>
      <Value>
        <Identification>18</Identification>
        <Code>EUR</Code>
        <Description>Euro</Description>
        <IsoCode>EUR</IsoCode>
        <Change>1.0000000000</Change>
      </Value>
      <Currency>
        <Identification>18</Identification>
        <Code>EUR</Code>
        <Description>Euro</Description>
        <IsoCode>EUR</IsoCode>
        <Change>1.0000000000</Change>
        <AmountCompanyCurrency>345.00</AmountCompanyCurrency>
      </Currency>
      <ReservationId>0</ReservationId>
      <UnitPrice>345.00</UnitPrice>
      <Quantity>1</Quantity>
      <Weight>0</Weight>
      <VAT>31.36</VAT>
      <VATRate>10.00</VATRate>
      <VATExternalCode></VATExternalCode>
      <VATExternalCode2></VATExternalCode2>
      <VATExternalCode3></VATExternalCode3>
      <VATDetail>
        <Identification>1</Identification>
        <Code>10</Code>
        <Description>10%</Description>
        <Rate>10.00</Rate>
        <ExternalCode1></ExternalCode1>
        <ExternalCode2></ExternalCode2>
        <ExternalCode3></ExternalCode3>
      </VATDetail>
      <ProductionValueDiscount>0.00</ProductionValueDiscount>
      <DocumentValueDiscount>0.00</DocumentValueDiscount>
      <TotalValueDiscount>0.00</TotalValueDiscount>
      <GrossTotal>345.00</GrossTotal>
      <NetTotal>313.64</NetTotal>
      <SellItemModifier>
        <Identification>0</Identification>
        <Code></Code>
        <Description></Description>
      </SellItemModifier>
      <SellItem>
        <Identification>1</Identification>
        <Code>1</Code>
        <Description>Acconto</Description>
        <ExternalCode></ExternalCode>
        <ExternalCode2></ExternalCode2>
      </SellItem>
      <RevenueLevel>
        <Identification>1</Identification>
        <Description>Acconto</Description>
        <Code>ACC</Code>
        <ExternalCode1></ExternalCode1>
        <ExternalCode2></ExternalCode2>
      </RevenueLevel>
      <SalesLevel>
        <Identification>0</Identification>
        <Code></Code>
        <Description></Description>
        <ExternalCode></ExternalCode>
        <ExternalCode2></ExternalCode2>
      </SalesLevel>
      <Changes />
      <Commissions />
      <Resource>
        <Identification>0</Identification>
        <Code></Code>
        <Description></Description>
        <ExternalCode1></ExternalCode1>
        <ExternalCode2></ExternalCode2>
      </Resource>
    </Charge>
  </Charges>
  <Body>
    <Line>
      <Quantity></Quantity>
      <Description>Russo Giuseppe</Description>
      <Price></Price>
      <GrossPrice></GrossPrice>
      <NetPrice></NetPrice>
      <Total></Total>
      <GrossTotal></GrossTotal>
      <NetTotal></NetTotal>
      <RoundingNetTotalVATExtraction></RoundingNetTotalVATExtraction>
      <VAT></VAT>
      <LineType>2</LineType>
      <VATDetail>
        <Identification></Identification>
        <Code></Code>
        <Description></Description>
        <Rate></Rate>
        <ExternalCode1></ExternalCode1>
        <ExternalCode2></ExternalCode2>
        <ExternalCode3></ExternalCode3>
      </VATDetail>
      <SellItem>
        <Identification></Identification>
        <Code></Code>
        <Description></Description>
        <Type></Type>
      </SellItem>
    </Line>
    <Line>
      <Quantity></Quantity>
      <Description>dal 22/03/2024 al 24/03/2024</Description>
      <Price></Price>
      <GrossPrice></GrossPrice>
      <NetPrice></NetPrice>
      <Total></Total>
      <GrossTotal></GrossTotal>
      <NetTotal></NetTotal>
      <RoundingNetTotalVATExtraction></RoundingNetTotalVATExtraction>
      <VAT></VAT>
      <LineType>2</LineType>
      <VATDetail>
        <Identification></Identification>
        <Code></Code>
        <Description></Description>
        <Rate></Rate>
        <ExternalCode1></ExternalCode1>
        <ExternalCode2></ExternalCode2>
        <ExternalCode3></ExternalCode3>
      </VATDetail>
      <SellItem>
        <Identification></Identification>
        <Code></Code>
        <Description></Description>
        <Type></Type>
      </SellItem>
    </Line>
    <Line>
      <Quantity></Quantity>
      <Description>Tipologia Superior</Description>
      <Price></Price>
      <GrossPrice></GrossPrice>
      <NetPrice></NetPrice>
      <Total></Total>
      <GrossTotal></GrossTotal>
      <NetTotal></NetTotal>
      <RoundingNetTotalVATExtraction></RoundingNetTotalVATExtraction>
      <VAT></VAT>
      <LineType>2</LineType>
      <VATDetail>
        <Identification></Identification>
        <Code></Code>
        <Description></Description>
        <Rate></Rate>
        <ExternalCode1></ExternalCode1>
        <ExternalCode2></ExternalCode2>
        <ExternalCode3></ExternalCode3>
      </VATDetail>
      <SellItem>
        <Identification></Identification>
        <Code></Code>
        <Description></Description>
        <Type></Type>
      </SellItem>
    </Line>
    <Line>
      <Quantity>1.00</Quantity>
      <Description> Acconto</Description>
      <Price>345.00</Price>
      <GrossPrice>345.00</GrossPrice>
      <NetPrice>313.64</NetPrice>
      <Total>345.00</Total>
      <GrossTotal>345.00</GrossTotal>
      <NetTotal>313.64</NetTotal>
      <RoundingNetTotalVATExtraction>0.00</RoundingNetTotalVATExtraction>
      <RoundingNetTotalVATExtraction></RoundingNetTotalVATExtraction>
      <VAT>10</VAT>
      <LineType>2</LineType>
      <VATDetail>
        <Identification>1</Identification>
        <Code>10</Code>
        <Description>10%</Description>
        <Rate>10.00</Rate>
        <ExternalCode1></ExternalCode1>
        <ExternalCode2></ExternalCode2>
        <ExternalCode3></ExternalCode3>
      </VATDetail>
      <SellItem>
        <Identification>1</Identification>
        <Code>1</Code>
        <Description>Acconto</Description>
        <Type>A</Type>
      </SellItem>
    </Line>
    <Line>
      <Quantity></Quantity>
      <Description></Description>
      <Price></Price>
      <GrossPrice></GrossPrice>
      <NetPrice></NetPrice>
      <Total></Total>
      <GrossTotal></GrossTotal>
      <NetTotal></NetTotal>
      <RoundingNetTotalVATExtraction></RoundingNetTotalVATExtraction>
      <VAT></VAT>
      <LineType>16</LineType>
      <VATDetail>
        <Identification></Identification>
        <Code></Code>
        <Description></Description>
        <Rate></Rate>
        <ExternalCode1></ExternalCode1>
        <ExternalCode2></ExternalCode2>
        <ExternalCode3></ExternalCode3>
      </VATDetail>
      <SellItem>
        <Identification></Identification>
        <Code></Code>
        <Description></Description>
        <Type></Type>
      </SellItem>
    </Line>
    <Line>
      <Quantity></Quantity>
      <Description>      345,00 PAGATE CON CartaSi</Description>
      <Price></Price>
      <GrossPrice></GrossPrice>
      <NetPrice></NetPrice>
      <Total></Total>
      <GrossTotal></GrossTotal>
      <NetTotal></NetTotal>
      <RoundingNetTotalVATExtraction></RoundingNetTotalVATExtraction>
      <VAT></VAT>
      <LineType>16</LineType>
      <VATDetail>
        <Identification></Identification>
        <Code></Code>
        <Description></Description>
        <Rate></Rate>
        <ExternalCode1></ExternalCode1>
        <ExternalCode2></ExternalCode2>
        <ExternalCode3></ExternalCode3>
      </VATDetail>
      <SellItem>
        <Identification></Identification>
        <Code></Code>
        <Description></Description>
        <Type></Type>
      </SellItem>
    </Line>
  </Body>
  <Totals>
    <Details>345.00</Details>
    <CreditUsed>0.00</CreditUsed>
    <TransactionSummary>0.00</TransactionSummary>
    <Service>0.00</Service>
    <MealTicketExtraCharge>0.00</MealTicketExtraCharge>
    <ReturnedMealTicketToken>0.00</ReturnedMealTicketToken>
    <Offer>0.00</Offer>
    <AdditionalTaxes>0.00</AdditionalTaxes>
    <FidelityDiscount>0.00</FidelityDiscount>
    <SubTotal>345.00</SubTotal>
    <PercentageDiscount>0.00</PercentageDiscount>
    <ValueDiscount>0.00</ValueDiscount>
    <NetTotalDiscount>0.00</NetTotalDiscount>
    <Commission>0.00</Commission>
    <TotalDue>345.00</TotalDue>
    <TotalDocument>345.00</TotalDocument>
    <CurrencyName>Euro</CurrencyName>
    <CurrencyChange>1</CurrencyChange>
    <CurrencySymbol>€</CurrencySymbol>
    <Taxes>
      <Tax>
        <Code>10</Code>
        <Description>10%</Description>
        <RateableValue>313.64</RateableValue>
        <VATRate>10.00</VATRate>
        <VATExternalCode></VATExternalCode>
        <VATExternalCode2></VATExternalCode2>
        <VATExternalCode3></VATExternalCode3>
        <VAT>31.36</VAT>
        <Total>345.00</Total>
        <RoundingNetTotalVATExtraction>0.00</RoundingNetTotalVATExtraction>
        <Currency>
          <Identification>18</Identification>
          <Code>EUR</Code>
          <Description>Euro</Description>
          <IsoCode>EUR</IsoCode>
          <Change>1.0000000000</Change>
        </Currency>
      </Tax>
    </Taxes>
    <BodyTaxes>
      <Tax>
        <Code>10</Code>
        <Description>10%</Description>
        <RateableValue>313.64</RateableValue>
        <VATRate>10.00</VATRate>
        <VATExternalCode></VATExternalCode>
        <VATExternalCode2></VATExternalCode2>
        <VATExternalCode3></VATExternalCode3>
        <VAT>31.36</VAT>
        <Total>345.00</Total>
        <RoundingNetTotalVATExtraction>0.00</RoundingNetTotalVATExtraction>
        <Currency>
          <Identification>18</Identification>
          <Code>EUR</Code>
          <Description>Euro</Description>
          <IsoCode>EUR</IsoCode>
          <Change>1.0000000000</Change>
        </Currency>
      </Tax>
    </BodyTaxes>
    <Payments>
      <Payment>
        <Identification>65297</Identification>
        <Type>
          <Identification>4</Identification>
          <Code>CART</Code>
          <Description>CartaSi</Description>
          <ExternalCode></ExternalCode>
          <ExternalCode2></ExternalCode2>
          <Beneficiary></Beneficiary>
          <Bank></Bank>
          <Iban></Iban>
          <TypePaymentType>0</TypePaymentType>
        </Type>
        <Value>345.00</Value>
        <CurrencyName>Euro</CurrencyName>
        <CurrencySymbol>€</CurrencySymbol>
        <CurrencyChange>1.00</CurrencyChange>
        <Note></Note>
        <Outstanding>No</Outstanding>
        <ExpiryDate></ExpiryDate>
        <CashedDate></CashedDate>
        <OutstandingHeading>
          <Identification>0</Identification>
          <ExternalCode></ExternalCode>
          <ExternalCode2></ExternalCode2>
          <ProfileName></ProfileName>
          <Surname></Surname>
          <FirstName></FirstName>
          <VATCode></VATCode>
          <RecipientCode></RecipientCode>
          <CertifiedMail></CertifiedMail>
          <CompanyRegNumber></CompanyRegNumber>
          <Address></Address>
          <City>
            <Identification>0</Identification>
            <Description></Description>
            <Zip></Zip>
            <ExternalCode1></ExternalCode1>
            <ExternalCode2></ExternalCode2>
            <ExternalCode3></ExternalCode3>
          </City>
          <County>
            <Identification>0</Identification>
            <Code></Code>
            <Description></Description>
            <ExternalCode1></ExternalCode1>
            <ExternalCode2></ExternalCode2>
            <ExternalCode3></ExternalCode3>
          </County>
          <State>
            <Identification>0</Identification>
            <Code></Code>
            <Description></Description>
            <ExternalCode1></ExternalCode1>
            <ExternalCode2></ExternalCode2>
            <ExternalCode3></ExternalCode3>
          </State>
          <Country>
            <Identification>0</Identification>
            <Code></Code>
            <Description></Description>
            <ExternalCode1></ExternalCode1>
            <ExternalCode2></ExternalCode2>
            <ExternalCode3></ExternalCode3>
            <GroupCountry>
              <Identification>0</Identification>
              <Code></Code>
              <Description></Description>
              <ExternalCode1></ExternalCode1>
              <ExternalCode2></ExternalCode2>
              <ExternalCode3></ExternalCode3>
            </GroupCountry>
          </Country>
          <IDDocument>
            <Identification>0</Identification>
            <Code></Code>
            <ExternalCode></ExternalCode>
            <Description></Description>
            <Number></Number>
            <Date>1899-12-31</Date>
          </IDDocument>
        </OutstandingHeading>
        <OriginDetails />
      </Payment>
    </Payments>
  </Totals>
  <SummarizedDocuments></SummarizedDocuments>
  <Reservations></Reservations>
  <Attachments></Attachments>
</Bill>